[0.000000] (-) TimerEvent: {}
[0.000686] (armos_interfaces) JobQueued: {'identifier': 'armos_interfaces', 'dependencies': OrderedDict()}
[0.000745] (armos_control) JobQueued: {'identifier': 'armos_control', 'dependencies': OrderedDict([('armos_interfaces', '/home/krishnapranav/mj_manipulation/mujoco_manipulation/install/armos_interfaces')])}
[0.000807] (armos_interfaces) JobStarted: {'identifier': 'armos_interfaces'}
[0.013393] (armos_interfaces) JobProgress: {'identifier': 'armos_interfaces', 'progress': 'cmake'}
[0.014180] (armos_interfaces) JobProgress: {'identifier': 'armos_interfaces', 'progress': 'build'}
[0.015125] (armos_interfaces) Command: {'cmd': ['/usr/bin/cmake', '--build', '/home/krishnapranav/mj_manipulation/mujoco_manipulation/build/armos_interfaces', '--', '-j12', '-l12'], 'cwd': '/home/krishnapranav/mj_manipulation/mujoco_manipulation/build/armos_interfaces', 'env': OrderedDict([('GJS_DEBUG_TOPICS', 'JS ERROR;JS LOG'), ('LESSOPEN', '| /usr/bin/lesspipe %s'), ('GZ_SIM_RESOURCE_PATH', ':/home/krishnapranav/ur_ws/install/ur_description/share:/home/krishnapranav/cynlr_ws/install/robotiq_description/share/robotiq_description'), ('LANGUAGE', 'en_IN:en'), ('USER', 'krishnapranav'), ('XDG_SESSION_TYPE', 'wayland'), ('PIP_CACHE_DIR', '/media/krishnapranav/OS/linux'), ('SHLVL', '1'), ('LD_LIBRARY_PATH', '/opt/ros/humble/opt/rviz_ogre_vendor/lib:/opt/ros/humble/lib/x86_64-linux-gnu:/opt/ros/humble/lib:/home/krishnapranav/microros_ws/install/micro_ros_agent/lib:/home/krishnapranav/microros_ws/install/micro_ros_msgs/lib'), ('VREP_ROOT', '/home/krishnapranav/krishnapranav/Downloads/VREP'), ('HOME', '/home/krishnapranav'), ('OLDPWD', '/home/krishnapranav'), ('DESKTOP_SESSION', 'ubuntu'), ('GIO_LAUNCHED_DESKTOP_FILE', '/usr/share/applications/terminator.desktop'), ('ROS_PYTHON_VERSION', '3'), ('GNOME_SHELL_SESSION_MODE', 'ubuntu'), ('GTK_MODULES', 'gail:atk-bridge'), ('PS1', '(armos) \\[\\e]0;\\u@\\h: \\w\\a\\]${debian_chroot:+($debian_chroot)}\\[\\033[01;32m\\]\\u@\\h\\[\\033[00m\\]:\\[\\033[01;34m\\]\\w\\[\\033[00m\\]\\$'), ('MANAGERPID', '1658'), ('SYSTEMD_EXEC_PID', '1828'), ('DBUS_SESSION_BUS_ADDRESS', 'unix:path=/run/user/1000/bus'), ('COLORTERM', 'truecolor'), ('TERMINATOR_DBUS_NAME', 'net.tenshu.Terminator25ef4b219e3b005583550f2b0f9f990c3'), ('GIO_LAUNCHED_DESKTOP_FILE_PID', '54086'), ('_colcon_cd_root', '/home/krishnapranav/ros2_ws'), ('PICO_TOOLCHAIN_PATH', '...'), ('IM_CONFIG_PHASE', '1'), ('WAYLAND_DISPLAY', 'wayland-0'), ('COLCON_PREFIX_PATH', '/home/krishnapranav/microros_ws/install'), ('ROS_DISTRO', 'humble'), ('LOGNAME', 'krishnapranav'), ('ONSHAPE_SECRET_KEY', 'gguRK886Jm7693iJla7c1dbItcYEpgizDTTNF2EMEzI116LA'), ('JOURNAL_STREAM', '8:19715'), ('_', '/usr/bin/colcon'), ('ROS_VERSION', '2'), ('XDG_SESSION_CLASS', 'user'), ('USERNAME', 'krishnapranav'), ('TERM', 'xterm-256color'), ('GAZEBO_MODEL_PATH', ':/home/krishnapranav/kpbot_ws/install/kpbot_description/share/kpbot_description/models'), ('GNOME_DESKTOP_SESSION_ID', 'this-is-deprecated'), ('ROS_LOCALHOST_ONLY', '0'), ('PATH', '/home/krishnapranav/.venvs/armos/bin:/opt/ros/humble/bin:/home/krishnapranav/.cargo/bin:/home/krishnapranav/.local/bin:/usr/local/sbin:/usr/local/bin:/usr/sbin:/usr/bin:/sbin:/bin:/usr/games:/usr/local/games:/snap/bin:/snap/bin:/home/krishnapranav/.platformio/penv/bin'), ('SESSION_MANAGER', 'local/krishnapranav-Inspiron-14-5430:@/tmp/.ICE-unix/1796,unix/krishnapranav-Inspiron-14-5430:/tmp/.ICE-unix/1796'), ('INVOCATION_ID', '2e31da0006024640992ab6ab791683f7'), ('XDG_MENU_PREFIX', 'gnome-'), ('GNOME_SETUP_DISPLAY', ':1'), ('XDG_RUNTIME_DIR', '/run/user/1000'), ('DISPLAY', ':0'), ('TERMINATOR_DBUS_PATH', '/net/tenshu/Terminator2'), ('LANG', 'en_US.UTF-8'), ('XDG_CURRENT_DESKTOP', 'ubuntu:GNOME'), ('IBUS_DISABLE_SNOOPER', '1'), ('VIRTUAL_ENV_PROMPT', '(armos)'), ('XMODIFIERS', '@im=ibus'), ('XDG_SESSION_DESKTOP', 'ubuntu'), ('XAUTHORITY', '/run/user/1000/.mutter-Xwaylandauth.ET2IU3'), ('LS_COLORS', 'rs=0:di=01;34:ln=01;36:mh=00:pi=40;33:so=01;35:do=01;35:bd=40;33;01:cd=40;33;01:or=40;31;01:mi=00:su=37;41:sg=30;43:ca=30;41:tw=30;42:ow=34;42:st=37;44:ex=01;32:*.tar=01;31:*.tgz=01;31:*.arc=01;31:*.arj=01;31:*.taz=01;31:*.lha=01;31:*.lz4=01;31:*.lzh=01;31:*.lzma=01;31:*.tlz=01;31:*.txz=01;31:*.tzo=01;31:*.t7z=01;31:*.zip=01;31:*.z=01;31:*.dz=01;31:*.gz=01;31:*.lrz=01;31:*.lz=01;31:*.lzo=01;31:*.xz=01;31:*.zst=01;31:*.tzst=01;31:*.bz2=01;31:*.bz=01;31:*.tbz=01;31:*.tbz2=01;31:*.tz=01;31:*.deb=01;31:*.rpm=01;31:*.jar=01;31:*.war=01;31:*.ear=01;31:*.sar=01;31:*.rar=01;31:*.alz=01;31:*.ace=01;31:*.zoo=01;31:*.cpio=01;31:*.7z=01;31:*.rz=01;31:*.cab=01;31:*.wim=01;31:*.swm=01;31:*.dwm=01;31:*.esd=01;31:*.jpg=01;35:*.jpeg=01;35:*.mjpg=01;35:*.mjpeg=01;35:*.gif=01;35:*.bmp=01;35:*.pbm=01;35:*.pgm=01;35:*.ppm=01;35:*.tga=01;35:*.xbm=01;35:*.xpm=01;35:*.tif=01;35:*.tiff=01;35:*.png=01;35:*.svg=01;35:*.svgz=01;35:*.mng=01;35:*.pcx=01;35:*.mov=01;35:*.mpg=01;35:*.mpeg=01;35:*.m2v=01;35:*.mkv=01;35:*.webm=01;35:*.webp=01;35:*.ogm=01;35:*.mp4=01;35:*.m4v=01;35:*.mp4v=01;35:*.vob=01;35:*.qt=01;35:*.nuv=01;35:*.wmv=01;35:*.asf=01;35:*.rm=01;35:*.rmvb=01;35:*.flc=01;35:*.avi=01;35:*.fli=01;35:*.flv=01;35:*.gl=01;35:*.dl=01;35:*.xcf=01;35:*.xwd=01;35:*.yuv=01;35:*.cgm=01;35:*.emf=01;35:*.ogv=01;35:*.ogx=01;35:*.aac=00;36:*.au=00;36:*.flac=00;36:*.m4a=00;36:*.mid=00;36:*.midi=00;36:*.mka=00;36:*.mp3=00;36:*.mpc=00;36:*.ogg=00;36:*.ra=00;36:*.wav=00;36:*.oga=00;36:*.opus=00;36:*.spx=00;36:*.xspf=00;36:'), ('SSH_AGENT_LAUNCHER', 'gnome-keyring'), ('SSH_AUTH_SOCK', '/run/user/1000/keyring/ssh'), ('AMENT_PREFIX_PATH', '/opt/ros/humble:/home/krishnapranav/microros_ws/install/micro_ros_setup:/home/krishnapranav/microros_ws/install/micro_ros_agent:/home/krishnapranav/microros_ws/install/micro_ros_msgs'), ('SHELL', '/bin/bash'), ('TERMINATOR_UUID', 'urn:uuid:35803ab5-c4e0-4336-a964-3679977900bd'), ('QT_ACCESSIBILITY', '1'), ('GDMSESSION', 'ubuntu'), ('LESSCLOSE', '/usr/bin/lesspipe %s %s'), ('GJS_DEBUG_OUTPUT', 'stderr'), ('VIRTUAL_ENV', '/home/krishnapranav/.venvs/armos'), ('QT_IM_MODULE', 'ibus'), ('PWD', '/home/krishnapranav/mj_manipulation/mujoco_manipulation/build/armos_interfaces'), ('LC_ALL', 'en_US.UTF-8'), ('XDG_CONFIG_DIRS', '/etc/xdg/xdg-ubuntu:/etc/xdg'), ('ONSHAPE_ACCESS_KEY', 'on_J81I0YADaUIUwrnDKCQi1'), ('PICO_SDK_PATH', '/home/krishnapranav/micro_ros_ws/src/pico-sdk'), ('XDG_DATA_DIRS', '/usr/share/ubuntu:/usr/local/share/:/usr/share/:/var/lib/snapd/desktop'), ('PYTHONPATH', '/opt/ros/humble/lib/python3.10/site-packages:/opt/ros/humble/local/lib/python3.10/dist-packages:/home/krishnapranav/microros_ws/install/micro_ros_msgs/lib/python3.10/site-packages'), ('ONSHAPE_API', 'https://cad.onshape.com'), ('COLCON', '1'), ('VTE_VERSION', '6800'), ('CMAKE_PREFIX_PATH', '/home/krishnapranav/microros_ws/install/micro_ros_setup:/home/krishnapranav/microros_ws/install/micro_ros_agent:/home/krishnapranav/microros_ws/install/micro_ros_msgs:/opt/ros/humble'), ('GOOGLE_API_KEY', 'AIzaSyCgCj2XslZGJhBl_LuqTDoh6JdSHjKyM2E')]), 'shell': False}
[0.066695] (armos_interfaces) StdoutLine: {'line': b'-- Found ament_cmake: 1.3.11 (/opt/ros/humble/share/ament_cmake/cmake)\n'}
[0.099840] (-) TimerEvent: {}
[0.199139] (armos_interfaces) StdoutLine: {'line': b'-- Found rosidl_default_generators: 1.2.0 (/opt/ros/humble/share/rosidl_default_generators/cmake)\n'}
[0.199924] (-) TimerEvent: {}
[0.202725] (armos_interfaces) StdoutLine: {'line': b'-- Using all available rosidl_typesupport_c: rosidl_typesupport_fastrtps_c;rosidl_typesupport_introspection_c\n'}
[0.207192] (armos_interfaces) StdoutLine: {'line': b'-- Found rosidl_adapter: 3.1.6 (/opt/ros/humble/share/rosidl_adapter/cmake)\n'}
[0.234531] (armos_interfaces) StdoutLine: {'line': b'-- Using all available rosidl_typesupport_cpp: rosidl_typesupport_fastrtps_cpp;rosidl_typesupport_introspection_cpp\n'}
[0.300162] (-) TimerEvent: {}
[0.400641] (-) TimerEvent: {}
[0.464636] (armos_interfaces) StdoutLine: {'line': b'-- Found ament_cmake_ros: 0.10.0 (/opt/ros/humble/share/ament_cmake_ros/cmake)\n'}
[0.500798] (-) TimerEvent: {}
[0.576929] (armos_interfaces) StdoutLine: {'line': b'-- Using all available rosidl_typesupport_c: rosidl_typesupport_fastrtps_c;rosidl_typesupport_introspection_c\n'}
[0.600948] (-) TimerEvent: {}
[0.701368] (-) TimerEvent: {}
[0.710835] (armos_interfaces) StdoutLine: {'line': b'-- Using all available rosidl_typesupport_cpp: rosidl_typesupport_fastrtps_cpp;rosidl_typesupport_introspection_cpp\n'}
[0.740542] (armos_interfaces) StdoutLine: {'line': b'-- Found python_cmake_module: 0.10.0 (/opt/ros/humble/share/python_cmake_module/cmake)\n'}
[0.772286] (armos_interfaces) StdoutLine: {'line': b'-- Using PYTHON_EXECUTABLE: /home/krishnapranav/.venvs/armos/bin/python3\n'}
[0.772511] (armos_interfaces) StdoutLine: {'line': b'-- Using PYTHON_INCLUDE_DIRS: /usr/include/python3.10\n'}
[0.772609] (armos_interfaces) StdoutLine: {'line': b'-- Using PYTHON_LIBRARIES: /usr/lib/x86_64-linux-gnu/libpython3.10.so\n'}
[0.792156] (armos_interfaces) StdoutLine: {'line': b'-- Configuring done\n'}
[0.801451] (-) TimerEvent: {}
[0.816239] (armos_interfaces) StdoutLine: {'line': b'-- Generating done\n'}
[0.828981] (armos_interfaces) StdoutLine: {'line': b'-- Build files have been written to: /home/krishnapranav/mj_manipulation/mujoco_manipulation/build/armos_interfaces\n'}
[0.847290] (armos_interfaces) StdoutLine: {'line': b'[  1%] \x1b[34m\x1b[1mGenerating C code for ROS interfaces\x1b[0m\n'}
[0.853624] (armos_interfaces) StdoutLine: {'line': b'[  3%] \x1b[34m\x1b[1mGenerating C++ code for ROS interfaces\x1b[0m\n'}
[0.860902] (armos_interfaces) StdoutLine: {'line': b'[  3%] Built target ament_cmake_python_copy_armos_interfaces\n'}
[0.901547] (-) TimerEvent: {}
[1.001795] (-) TimerEvent: {}
[1.068759] (armos_interfaces) StdoutLine: {'line': b'running egg_info\n'}
[1.085909] (armos_interfaces) StdoutLine: {'line': b'writing armos_interfaces.egg-info/PKG-INFO\n'}
[1.086246] (armos_interfaces) StdoutLine: {'line': b'writing dependency_links to armos_interfaces.egg-info/dependency_links.txt\n'}
[1.086508] (armos_interfaces) StdoutLine: {'line': b'writing top-level names to armos_interfaces.egg-info/top_level.txt\n'}
[1.101889] (-) TimerEvent: {}
[1.138512] (armos_interfaces) StdoutLine: {'line': b"reading manifest file 'armos_interfaces.egg-info/SOURCES.txt'\n"}
[1.139754] (armos_interfaces) StdoutLine: {'line': b"writing manifest file 'armos_interfaces.egg-info/SOURCES.txt'\n"}
[1.161340] (armos_interfaces) StdoutLine: {'line': b'[  3%] Built target ament_cmake_python_build_armos_interfaces_egg\n'}
[1.201995] (-) TimerEvent: {}
[1.214140] (armos_interfaces) StdoutLine: {'line': b'[  3%] Built target armos_interfaces__cpp\n'}
[1.220901] (armos_interfaces) StdoutLine: {'line': b'[  9%] \x1b[34m\x1b[1mGenerating C++ introspection for ROS interfaces\x1b[0m\n'}
[1.221141] (armos_interfaces) StdoutLine: {'line': b'[  9%] \x1b[34m\x1b[1mGenerating C++ type support dispatch for ROS interfaces\x1b[0m\n'}
[1.221259] (armos_interfaces) StdoutLine: {'line': b'[  9%] \x1b[34m\x1b[1mGenerating C++ type support for eProsima Fast-RTPS\x1b[0m\n'}
[1.297062] (armos_interfaces) StdoutLine: {'line': b'[ 14%] \x1b[32mBuilding C object CMakeFiles/armos_interfaces__rosidl_generator_c.dir/rosidl_generator_c/armos_interfaces/srv/detail/armos_set_gripper__functions.c.o\x1b[0m\n'}
[1.297311] (armos_interfaces) StdoutLine: {'line': b'[ 14%] \x1b[32mBuilding C object CMakeFiles/armos_interfaces__rosidl_generator_c.dir/rosidl_generator_c/armos_interfaces/msg/detail/armos_telemetry__functions.c.o\x1b[0m\n'}
[1.297425] (armos_interfaces) StdoutLine: {'line': b'[ 14%] \x1b[32mBuilding C object CMakeFiles/armos_interfaces__rosidl_generator_c.dir/rosidl_generator_c/armos_interfaces/msg/detail/armos_joint_control__functions.c.o\x1b[0m\n'}
[1.297515] (armos_interfaces) StdoutLine: {'line': b'[ 16%] \x1b[32mBuilding C object CMakeFiles/armos_interfaces__rosidl_generator_c.dir/rosidl_generator_c/armos_interfaces/msg/detail/armos_cart_control__functions.c.o\x1b[0m\n'}
[1.302095] (-) TimerEvent: {}
[1.391325] (armos_interfaces) StdoutLine: {'line': b'[ 18%] \x1b[32m\x1b[1mLinking C shared library libarmos_interfaces__rosidl_generator_c.so\x1b[0m\n'}
[1.402193] (-) TimerEvent: {}
[1.422507] (armos_interfaces) StdoutLine: {'line': b'[ 18%] Built target armos_interfaces__rosidl_generator_c\n'}
[1.427320] (armos_interfaces) StdoutLine: {'line': b'[ 20%] \x1b[34m\x1b[1mGenerating C type support dispatch for ROS interfaces\x1b[0m\n'}
[1.428929] (armos_interfaces) StdoutLine: {'line': b'[ 23%] \x1b[34m\x1b[1mGenerating C type support for eProsima Fast-RTPS\x1b[0m\n'}
[1.429145] (armos_interfaces) StdoutLine: {'line': b'[ 23%] \x1b[34m\x1b[1mGenerating C introspection for ROS interfaces\x1b[0m\n'}
[1.502288] (-) TimerEvent: {}
[1.603053] (-) TimerEvent: {}
[1.639426] (armos_interfaces) StdoutLine: {'line': b'[ 25%] \x1b[32mBuilding CXX object CMakeFiles/armos_interfaces__rosidl_typesupport_cpp.dir/rosidl_typesupport_cpp/armos_interfaces/msg/armos_telemetry__type_support.cpp.o\x1b[0m\n'}
[1.641268] (armos_interfaces) StdoutLine: {'line': b'[ 27%] \x1b[32mBuilding CXX object CMakeFiles/armos_interfaces__rosidl_typesupport_cpp.dir/rosidl_typesupport_cpp/armos_interfaces/msg/armos_joint_control__type_support.cpp.o\x1b[0m\n'}
[1.641544] (armos_interfaces) StdoutLine: {'line': b'[ 29%] \x1b[32mBuilding CXX object CMakeFiles/armos_interfaces__rosidl_typesupport_cpp.dir/rosidl_typesupport_cpp/armos_interfaces/msg/armos_cart_control__type_support.cpp.o\x1b[0m\n'}
[1.641862] (armos_interfaces) StdoutLine: {'line': b'[ 30%] \x1b[32mBuilding CXX object CMakeFiles/armos_interfaces__rosidl_typesupport_cpp.dir/rosidl_typesupport_cpp/armos_interfaces/srv/armos_set_gripper__type_support.cpp.o\x1b[0m\n'}
[1.648175] (armos_interfaces) StdoutLine: {'line': b'[ 32%] \x1b[32mBuilding CXX object CMakeFiles/armos_interfaces__rosidl_typesupport_introspection_cpp.dir/rosidl_typesupport_introspection_cpp/armos_interfaces/msg/detail/armos_telemetry__type_support.cpp.o\x1b[0m\n'}
[1.648488] (armos_interfaces) StdoutLine: {'line': b'[ 34%] \x1b[32mBuilding CXX object CMakeFiles/armos_interfaces__rosidl_typesupport_introspection_cpp.dir/rosidl_typesupport_introspection_cpp/armos_interfaces/msg/detail/armos_joint_control__type_support.cpp.o\x1b[0m\n'}
[1.652390] (armos_interfaces) StdoutLine: {'line': b'[ 36%] \x1b[32mBuilding CXX object CMakeFiles/armos_interfaces__rosidl_typesupport_introspection_cpp.dir/rosidl_typesupport_introspection_cpp/armos_interfaces/srv/detail/armos_set_gripper__type_support.cpp.o\x1b[0m\n'}
[1.653202] (armos_interfaces) StdoutLine: {'line': b'[ 38%] \x1b[32mBuilding CXX object CMakeFiles/armos_interfaces__rosidl_typesupport_introspection_cpp.dir/rosidl_typesupport_introspection_cpp/armos_interfaces/msg/detail/armos_cart_control__type_support.cpp.o\x1b[0m\n'}
[1.683310] (armos_interfaces) StdoutLine: {'line': b'[ 40%] \x1b[32mBuilding CXX object CMakeFiles/armos_interfaces__rosidl_typesupport_c.dir/rosidl_typesupport_c/armos_interfaces/msg/armos_telemetry__type_support.cpp.o\x1b[0m\n'}
[1.703140] (-) TimerEvent: {}
[1.752462] (armos_interfaces) StdoutLine: {'line': b'[ 41%] \x1b[32mBuilding CXX object CMakeFiles/armos_interfaces__rosidl_typesupport_c.dir/rosidl_typesupport_c/armos_interfaces/msg/armos_joint_control__type_support.cpp.o\x1b[0m\n'}
[1.805415] (armos_interfaces) StdoutLine: {'line': b'[ 43%] \x1b[32mBuilding CXX object CMakeFiles/armos_interfaces__rosidl_typesupport_c.dir/rosidl_typesupport_c/armos_interfaces/msg/armos_cart_control__type_support.cpp.o\x1b[0m\n'}
[1.805626] (-) TimerEvent: {}
[1.848411] (armos_interfaces) StdoutLine: {'line': b'[ 45%] \x1b[32mBuilding CXX object CMakeFiles/armos_interfaces__rosidl_typesupport_c.dir/rosidl_typesupport_c/armos_interfaces/srv/armos_set_gripper__type_support.cpp.o\x1b[0m\n'}
[1.849372] (armos_interfaces) StdoutLine: {'line': b'[ 47%] \x1b[32mBuilding CXX object CMakeFiles/armos_interfaces__rosidl_typesupport_fastrtps_cpp.dir/rosidl_typesupport_fastrtps_cpp/armos_interfaces/msg/detail/dds_fastrtps/armos_telemetry__type_support.cpp.o\x1b[0m\n'}
[1.881354] (armos_interfaces) StdoutLine: {'line': b'[ 49%] \x1b[32m\x1b[1mLinking CXX shared library libarmos_interfaces__rosidl_typesupport_c.so\x1b[0m\n'}
[1.905766] (-) TimerEvent: {}
[1.921886] (armos_interfaces) StdoutLine: {'line': b'[ 49%] Built target armos_interfaces__rosidl_typesupport_c\n'}
[1.938173] (armos_interfaces) StdoutLine: {'line': b'[ 50%] \x1b[32mBuilding CXX object CMakeFiles/armos_interfaces__rosidl_typesupport_fastrtps_cpp.dir/rosidl_typesupport_fastrtps_cpp/armos_interfaces/msg/detail/dds_fastrtps/armos_joint_control__type_support.cpp.o\x1b[0m\n'}
[1.969916] (armos_interfaces) StdoutLine: {'line': b'[ 52%] \x1b[32mBuilding CXX object CMakeFiles/armos_interfaces__rosidl_typesupport_fastrtps_c.dir/rosidl_typesupport_fastrtps_c/armos_interfaces/msg/detail/armos_telemetry__type_support_c.cpp.o\x1b[0m\n'}
[2.005888] (-) TimerEvent: {}
[2.069317] (armos_interfaces) StdoutLine: {'line': b'[ 54%] \x1b[32mBuilding C object CMakeFiles/armos_interfaces__rosidl_typesupport_introspection_c.dir/rosidl_typesupport_introspection_c/armos_interfaces/msg/detail/armos_telemetry__type_support.c.o\x1b[0m\n'}
[2.106640] (-) TimerEvent: {}
[2.173930] (armos_interfaces) StdoutLine: {'line': b'[ 56%] \x1b[32mBuilding C object CMakeFiles/armos_interfaces__rosidl_typesupport_introspection_c.dir/rosidl_typesupport_introspection_c/armos_interfaces/msg/detail/armos_joint_control__type_support.c.o\x1b[0m\n'}
[2.192539] (armos_interfaces) StdoutLine: {'line': b'[ 58%] \x1b[32mBuilding C object CMakeFiles/armos_interfaces__rosidl_typesupport_introspection_c.dir/rosidl_typesupport_introspection_c/armos_interfaces/msg/detail/armos_cart_control__type_support.c.o\x1b[0m\n'}
[2.200656] (armos_interfaces) StdoutLine: {'line': b'[ 60%] \x1b[32mBuilding CXX object CMakeFiles/armos_interfaces__rosidl_typesupport_fastrtps_cpp.dir/rosidl_typesupport_fastrtps_cpp/armos_interfaces/msg/detail/dds_fastrtps/armos_cart_control__type_support.cpp.o\x1b[0m\n'}
[2.206765] (-) TimerEvent: {}
[2.211711] (armos_interfaces) StdoutLine: {'line': b'[ 61%] \x1b[32mBuilding CXX object CMakeFiles/armos_interfaces__rosidl_typesupport_fastrtps_c.dir/rosidl_typesupport_fastrtps_c/armos_interfaces/msg/detail/armos_joint_control__type_support_c.cpp.o\x1b[0m\n'}
[2.219017] (armos_interfaces) StdoutLine: {'line': b'[ 63%] \x1b[32mBuilding C object CMakeFiles/armos_interfaces__rosidl_typesupport_introspection_c.dir/rosidl_typesupport_introspection_c/armos_interfaces/srv/detail/armos_set_gripper__type_support.c.o\x1b[0m\n'}
[2.228528] (armos_interfaces) StdoutLine: {'line': b'[ 65%] \x1b[32mBuilding CXX object CMakeFiles/armos_interfaces__rosidl_typesupport_fastrtps_c.dir/rosidl_typesupport_fastrtps_c/armos_interfaces/msg/detail/armos_cart_control__type_support_c.cpp.o\x1b[0m\n'}
[2.237372] (armos_interfaces) StdoutLine: {'line': b'[ 67%] \x1b[32mBuilding CXX object CMakeFiles/armos_interfaces__rosidl_typesupport_fastrtps_cpp.dir/rosidl_typesupport_fastrtps_cpp/armos_interfaces/srv/detail/dds_fastrtps/armos_set_gripper__type_support.cpp.o\x1b[0m\n'}
[2.248241] (armos_interfaces) StdoutLine: {'line': b'[ 69%] \x1b[32m\x1b[1mLinking CXX shared library libarmos_interfaces__rosidl_typesupport_cpp.so\x1b[0m\n'}
[2.250926] (armos_interfaces) StdoutLine: {'line': b'[ 70%] \x1b[32mBuilding CXX object CMakeFiles/armos_interfaces__rosidl_typesupport_fastrtps_c.dir/rosidl_typesupport_fastrtps_c/armos_interfaces/srv/detail/armos_set_gripper__type_support_c.cpp.o\x1b[0m\n'}
[2.273429] (armos_interfaces) StdoutLine: {'line': b'[ 72%] \x1b[32m\x1b[1mLinking C shared library libarmos_interfaces__rosidl_typesupport_introspection_c.so\x1b[0m\n'}
[2.284440] (armos_interfaces) StdoutLine: {'line': b'[ 72%] Built target armos_interfaces__rosidl_typesupport_cpp\n'}
[2.304627] (armos_interfaces) StdoutLine: {'line': b'[ 72%] Built target armos_interfaces__rosidl_typesupport_introspection_c\n'}
[2.306871] (-) TimerEvent: {}
[2.407200] (-) TimerEvent: {}
[2.422637] (armos_interfaces) StdoutLine: {'line': b'[ 74%] \x1b[32m\x1b[1mLinking CXX shared library libarmos_interfaces__rosidl_typesupport_introspection_cpp.so\x1b[0m\n'}
[2.507445] (-) TimerEvent: {}
[2.536238] (armos_interfaces) StdoutLine: {'line': b'[ 74%] Built target armos_interfaces__rosidl_typesupport_introspection_cpp\n'}
[2.607556] (-) TimerEvent: {}
[2.707941] (-) TimerEvent: {}
[2.735440] (armos_interfaces) StdoutLine: {'line': b'[ 76%] \x1b[32m\x1b[1mLinking CXX shared library libarmos_interfaces__rosidl_typesupport_fastrtps_c.so\x1b[0m\n'}
[2.807051] (armos_interfaces) StdoutLine: {'line': b'[ 78%] \x1b[32m\x1b[1mLinking CXX shared library libarmos_interfaces__rosidl_typesupport_fastrtps_cpp.so\x1b[0m\n'}
[2.808028] (-) TimerEvent: {}
[2.817456] (armos_interfaces) StdoutLine: {'line': b'[ 78%] Built target armos_interfaces__rosidl_typesupport_fastrtps_c\n'}
[2.883215] (armos_interfaces) StdoutLine: {'line': b'[ 78%] Built target armos_interfaces__rosidl_typesupport_fastrtps_cpp\n'}
[2.896670] (armos_interfaces) StdoutLine: {'line': b'[ 78%] Built target armos_interfaces\n'}
[2.908188] (-) TimerEvent: {}
[2.910809] (armos_interfaces) StdoutLine: {'line': b'[ 80%] \x1b[34m\x1b[1mGenerating Python code for ROS interfaces\x1b[0m\n'}
[3.008297] (-) TimerEvent: {}
[3.108672] (-) TimerEvent: {}
[3.209019] (-) TimerEvent: {}
[3.309381] (-) TimerEvent: {}
[3.409704] (-) TimerEvent: {}
[3.510414] (-) TimerEvent: {}
[3.594063] (armos_interfaces) StdoutLine: {'line': b'[ 80%] Built target armos_interfaces__py\n'}
[3.611316] (-) TimerEvent: {}
[3.613549] (armos_interfaces) StdoutLine: {'line': b'[ 83%] \x1b[32mBuilding C object CMakeFiles/armos_interfaces__rosidl_generator_py.dir/rosidl_generator_py/armos_interfaces/msg/_armos_joint_control_s.c.o\x1b[0m\n'}
[3.613856] (armos_interfaces) StdoutLine: {'line': b'[ 83%] \x1b[32mBuilding C object CMakeFiles/armos_interfaces__rosidl_generator_py.dir/rosidl_generator_py/armos_interfaces/msg/_armos_cart_control_s.c.o\x1b[0m\n'}
[3.614207] (armos_interfaces) StdoutLine: {'line': b'[ 85%] \x1b[32mBuilding C object CMakeFiles/armos_interfaces__rosidl_generator_py.dir/rosidl_generator_py/armos_interfaces/msg/_armos_telemetry_s.c.o\x1b[0m\n'}
[3.617107] (armos_interfaces) StdoutLine: {'line': b'[ 87%] \x1b[32mBuilding C object CMakeFiles/armos_interfaces__rosidl_generator_py.dir/rosidl_generator_py/armos_interfaces/srv/_armos_set_gripper_s.c.o\x1b[0m\n'}
[3.711424] (-) TimerEvent: {}
[3.756066] (armos_interfaces) StdoutLine: {'line': b'[ 89%] \x1b[32m\x1b[1mLinking C shared library rosidl_generator_py/armos_interfaces/libarmos_interfaces__rosidl_generator_py.so\x1b[0m\n'}
[3.793608] (armos_interfaces) StdoutLine: {'line': b'[ 89%] Built target armos_interfaces__rosidl_generator_py\n'}
[3.811635] (-) TimerEvent: {}
[3.812937] (armos_interfaces) StdoutLine: {'line': b'[ 90%] \x1b[32mBuilding C object CMakeFiles/armos_interfaces__rosidl_typesupport_fastrtps_c__pyext.dir/rosidl_generator_py/armos_interfaces/_armos_interfaces_s.ep.rosidl_typesupport_fastrtps_c.c.o\x1b[0m\n'}
[3.816856] (armos_interfaces) StdoutLine: {'line': b'[ 92%] \x1b[32mBuilding C object CMakeFiles/armos_interfaces__rosidl_typesupport_introspection_c__pyext.dir/rosidl_generator_py/armos_interfaces/_armos_interfaces_s.ep.rosidl_typesupport_introspection_c.c.o\x1b[0m\n'}
[3.818756] (armos_interfaces) StdoutLine: {'line': b'[ 94%] \x1b[32mBuilding C object CMakeFiles/armos_interfaces__rosidl_typesupport_c__pyext.dir/rosidl_generator_py/armos_interfaces/_armos_interfaces_s.ep.rosidl_typesupport_c.c.o\x1b[0m\n'}
[3.898341] (armos_interfaces) StdoutLine: {'line': b'[ 96%] \x1b[32m\x1b[1mLinking C shared library rosidl_generator_py/armos_interfaces/armos_interfaces_s__rosidl_typesupport_introspection_c.cpython-310-x86_64-linux-gnu.so\x1b[0m\n'}
[3.911732] (-) TimerEvent: {}
[3.927372] (armos_interfaces) StdoutLine: {'line': b'[ 96%] Built target armos_interfaces__rosidl_typesupport_introspection_c__pyext\n'}
[3.933028] (armos_interfaces) StdoutLine: {'line': b'[ 98%] \x1b[32m\x1b[1mLinking C shared library rosidl_generator_py/armos_interfaces/armos_interfaces_s__rosidl_typesupport_fastrtps_c.cpython-310-x86_64-linux-gnu.so\x1b[0m\n'}
[3.955185] (armos_interfaces) StdoutLine: {'line': b'[100%] \x1b[32m\x1b[1mLinking C shared library rosidl_generator_py/armos_interfaces/armos_interfaces_s__rosidl_typesupport_c.cpython-310-x86_64-linux-gnu.so\x1b[0m\n'}
[3.962699] (armos_interfaces) StdoutLine: {'line': b'[100%] Built target armos_interfaces__rosidl_typesupport_fastrtps_c__pyext\n'}
[3.978098] (armos_interfaces) StdoutLine: {'line': b'[100%] Built target armos_interfaces__rosidl_typesupport_c__pyext\n'}
[3.984821] (armos_interfaces) CommandEnded: {'returncode': 0}
[3.985714] (armos_interfaces) JobProgress: {'identifier': 'armos_interfaces', 'progress': 'install'}
[3.990987] (armos_interfaces) Command: {'cmd': ['/usr/bin/cmake', '--install', '/home/krishnapranav/mj_manipulation/mujoco_manipulation/build/armos_interfaces'], 'cwd': '/home/krishnapranav/mj_manipulation/mujoco_manipulation/build/armos_interfaces', 'env': OrderedDict([('GJS_DEBUG_TOPICS', 'JS ERROR;JS LOG'), ('LESSOPEN', '| /usr/bin/lesspipe %s'), ('GZ_SIM_RESOURCE_PATH', ':/home/krishnapranav/ur_ws/install/ur_description/share:/home/krishnapranav/cynlr_ws/install/robotiq_description/share/robotiq_description'), ('LANGUAGE', 'en_IN:en'), ('USER', 'krishnapranav'), ('XDG_SESSION_TYPE', 'wayland'), ('PIP_CACHE_DIR', '/media/krishnapranav/OS/linux'), ('SHLVL', '1'), ('LD_LIBRARY_PATH', '/opt/ros/humble/opt/rviz_ogre_vendor/lib:/opt/ros/humble/lib/x86_64-linux-gnu:/opt/ros/humble/lib:/home/krishnapranav/microros_ws/install/micro_ros_agent/lib:/home/krishnapranav/microros_ws/install/micro_ros_msgs/lib'), ('VREP_ROOT', '/home/krishnapranav/krishnapranav/Downloads/VREP'), ('HOME', '/home/krishnapranav'), ('OLDPWD', '/home/krishnapranav'), ('DESKTOP_SESSION', 'ubuntu'), ('GIO_LAUNCHED_DESKTOP_FILE', '/usr/share/applications/terminator.desktop'), ('ROS_PYTHON_VERSION', '3'), ('GNOME_SHELL_SESSION_MODE', 'ubuntu'), ('GTK_MODULES', 'gail:atk-bridge'), ('PS1', '(armos) \\[\\e]0;\\u@\\h: \\w\\a\\]${debian_chroot:+($debian_chroot)}\\[\\033[01;32m\\]\\u@\\h\\[\\033[00m\\]:\\[\\033[01;34m\\]\\w\\[\\033[00m\\]\\$'), ('MANAGERPID', '1658'), ('SYSTEMD_EXEC_PID', '1828'), ('DBUS_SESSION_BUS_ADDRESS', 'unix:path=/run/user/1000/bus'), ('COLORTERM', 'truecolor'), ('TERMINATOR_DBUS_NAME', 'net.tenshu.Terminator25ef4b219e3b005583550f2b0f9f990c3'), ('GIO_LAUNCHED_DESKTOP_FILE_PID', '54086'), ('_colcon_cd_root', '/home/krishnapranav/ros2_ws'), ('PICO_TOOLCHAIN_PATH', '...'), ('IM_CONFIG_PHASE', '1'), ('WAYLAND_DISPLAY', 'wayland-0'), ('COLCON_PREFIX_PATH', '/home/krishnapranav/microros_ws/install'), ('ROS_DISTRO', 'humble'), ('LOGNAME', 'krishnapranav'), ('ONSHAPE_SECRET_KEY', 'gguRK886Jm7693iJla7c1dbItcYEpgizDTTNF2EMEzI116LA'), ('JOURNAL_STREAM', '8:19715'), ('_', '/usr/bin/colcon'), ('ROS_VERSION', '2'), ('XDG_SESSION_CLASS', 'user'), ('USERNAME', 'krishnapranav'), ('TERM', 'xterm-256color'), ('GAZEBO_MODEL_PATH', ':/home/krishnapranav/kpbot_ws/install/kpbot_description/share/kpbot_description/models'), ('GNOME_DESKTOP_SESSION_ID', 'this-is-deprecated'), ('ROS_LOCALHOST_ONLY', '0'), ('PATH', '/home/krishnapranav/.venvs/armos/bin:/opt/ros/humble/bin:/home/krishnapranav/.cargo/bin:/home/krishnapranav/.local/bin:/usr/local/sbin:/usr/local/bin:/usr/sbin:/usr/bin:/sbin:/bin:/usr/games:/usr/local/games:/snap/bin:/snap/bin:/home/krishnapranav/.platformio/penv/bin'), ('SESSION_MANAGER', 'local/krishnapranav-Inspiron-14-5430:@/tmp/.ICE-unix/1796,unix/krishnapranav-Inspiron-14-5430:/tmp/.ICE-unix/1796'), ('INVOCATION_ID', '2e31da0006024640992ab6ab791683f7'), ('XDG_MENU_PREFIX', 'gnome-'), ('GNOME_SETUP_DISPLAY', ':1'), ('XDG_RUNTIME_DIR', '/run/user/1000'), ('DISPLAY', ':0'), ('TERMINATOR_DBUS_PATH', '/net/tenshu/Terminator2'), ('LANG', 'en_US.UTF-8'), ('XDG_CURRENT_DESKTOP', 'ubuntu:GNOME'), ('IBUS_DISABLE_SNOOPER', '1'), ('VIRTUAL_ENV_PROMPT', '(armos)'), ('XMODIFIERS', '@im=ibus'), ('XDG_SESSION_DESKTOP', 'ubuntu'), ('XAUTHORITY', '/run/user/1000/.mutter-Xwaylandauth.ET2IU3'), ('LS_COLORS', 'rs=0:di=01;34:ln=01;36:mh=00:pi=40;33:so=01;35:do=01;35:bd=40;33;01:cd=40;33;01:or=40;31;01:mi=00:su=37;41:sg=30;43:ca=30;41:tw=30;42:ow=34;42:st=37;44:ex=01;32:*.tar=01;31:*.tgz=01;31:*.arc=01;31:*.arj=01;31:*.taz=01;31:*.lha=01;31:*.lz4=01;31:*.lzh=01;31:*.lzma=01;31:*.tlz=01;31:*.txz=01;31:*.tzo=01;31:*.t7z=01;31:*.zip=01;31:*.z=01;31:*.dz=01;31:*.gz=01;31:*.lrz=01;31:*.lz=01;31:*.lzo=01;31:*.xz=01;31:*.zst=01;31:*.tzst=01;31:*.bz2=01;31:*.bz=01;31:*.tbz=01;31:*.tbz2=01;31:*.tz=01;31:*.deb=01;31:*.rpm=01;31:*.jar=01;31:*.war=01;31:*.ear=01;31:*.sar=01;31:*.rar=01;31:*.alz=01;31:*.ace=01;31:*.zoo=01;31:*.cpio=01;31:*.7z=01;31:*.rz=01;31:*.cab=01;31:*.wim=01;31:*.swm=01;31:*.dwm=01;31:*.esd=01;31:*.jpg=01;35:*.jpeg=01;35:*.mjpg=01;35:*.mjpeg=01;35:*.gif=01;35:*.bmp=01;35:*.pbm=01;35:*.pgm=01;35:*.ppm=01;35:*.tga=01;35:*.xbm=01;35:*.xpm=01;35:*.tif=01;35:*.tiff=01;35:*.png=01;35:*.svg=01;35:*.svgz=01;35:*.mng=01;35:*.pcx=01;35:*.mov=01;35:*.mpg=01;35:*.mpeg=01;35:*.m2v=01;35:*.mkv=01;35:*.webm=01;35:*.webp=01;35:*.ogm=01;35:*.mp4=01;35:*.m4v=01;35:*.mp4v=01;35:*.vob=01;35:*.qt=01;35:*.nuv=01;35:*.wmv=01;35:*.asf=01;35:*.rm=01;35:*.rmvb=01;35:*.flc=01;35:*.avi=01;35:*.fli=01;35:*.flv=01;35:*.gl=01;35:*.dl=01;35:*.xcf=01;35:*.xwd=01;35:*.yuv=01;35:*.cgm=01;35:*.emf=01;35:*.ogv=01;35:*.ogx=01;35:*.aac=00;36:*.au=00;36:*.flac=00;36:*.m4a=00;36:*.mid=00;36:*.midi=00;36:*.mka=00;36:*.mp3=00;36:*.mpc=00;36:*.ogg=00;36:*.ra=00;36:*.wav=00;36:*.oga=00;36:*.opus=00;36:*.spx=00;36:*.xspf=00;36:'), ('SSH_AGENT_LAUNCHER', 'gnome-keyring'), ('SSH_AUTH_SOCK', '/run/user/1000/keyring/ssh'), ('AMENT_PREFIX_PATH', '/opt/ros/humble:/home/krishnapranav/microros_ws/install/micro_ros_setup:/home/krishnapranav/microros_ws/install/micro_ros_agent:/home/krishnapranav/microros_ws/install/micro_ros_msgs'), ('SHELL', '/bin/bash'), ('TERMINATOR_UUID', 'urn:uuid:35803ab5-c4e0-4336-a964-3679977900bd'), ('QT_ACCESSIBILITY', '1'), ('GDMSESSION', 'ubuntu'), ('LESSCLOSE', '/usr/bin/lesspipe %s %s'), ('GJS_DEBUG_OUTPUT', 'stderr'), ('VIRTUAL_ENV', '/home/krishnapranav/.venvs/armos'), ('QT_IM_MODULE', 'ibus'), ('PWD', '/home/krishnapranav/mj_manipulation/mujoco_manipulation/build/armos_interfaces'), ('LC_ALL', 'en_US.UTF-8'), ('XDG_CONFIG_DIRS', '/etc/xdg/xdg-ubuntu:/etc/xdg'), ('ONSHAPE_ACCESS_KEY', 'on_J81I0YADaUIUwrnDKCQi1'), ('PICO_SDK_PATH', '/home/krishnapranav/micro_ros_ws/src/pico-sdk'), ('XDG_DATA_DIRS', '/usr/share/ubuntu:/usr/local/share/:/usr/share/:/var/lib/snapd/desktop'), ('PYTHONPATH', '/opt/ros/humble/lib/python3.10/site-packages:/opt/ros/humble/local/lib/python3.10/dist-packages:/home/krishnapranav/microros_ws/install/micro_ros_msgs/lib/python3.10/site-packages'), ('ONSHAPE_API', 'https://cad.onshape.com'), ('COLCON', '1'), ('VTE_VERSION', '6800'), ('CMAKE_PREFIX_PATH', '/home/krishnapranav/microros_ws/install/micro_ros_setup:/home/krishnapranav/microros_ws/install/micro_ros_agent:/home/krishnapranav/microros_ws/install/micro_ros_msgs:/opt/ros/humble'), ('GOOGLE_API_KEY', 'AIzaSyCgCj2XslZGJhBl_LuqTDoh6JdSHjKyM2E')]), 'shell': False}
[3.998527] (armos_interfaces) StdoutLine: {'line': b'-- Install configuration: ""\n'}
[3.998917] (armos_interfaces) StdoutLine: {'line': b'-- Up-to-date: /home/krishnapranav/mj_manipulation/mujoco_manipulation/install/armos_interfaces/share/ament_index/resource_index/rosidl_interfaces/armos_interfaces\n'}
[3.999049] (armos_interfaces) StdoutLine: {'line': b'-- Up-to-date: /home/krishnapranav/mj_manipulation/mujoco_manipulation/install/armos_interfaces/include/armos_interfaces/armos_interfaces\n'}
[3.999159] (armos_interfaces) StdoutLine: {'line': b'-- Up-to-date: /home/krishnapranav/mj_manipulation/mujoco_manipulation/install/armos_interfaces/include/armos_interfaces/armos_interfaces/msg\n'}
[3.999272] (armos_interfaces) StdoutLine: {'line': b'-- Up-to-date: /home/krishnapranav/mj_manipulation/mujoco_manipulation/install/armos_interfaces/include/armos_interfaces/armos_interfaces/msg/detail\n'}
[3.999447] (armos_interfaces) StdoutLine: {'line': b'-- Installing: /home/krishnapranav/mj_manipulation/mujoco_manipulation/install/armos_interfaces/include/armos_interfaces/armos_interfaces/msg/detail/armos_telemetry__type_support.h\n'}
[3.999577] (armos_interfaces) StdoutLine: {'line': b'-- Installing: /home/krishnapranav/mj_manipulation/mujoco_manipulation/install/armos_interfaces/include/armos_interfaces/armos_interfaces/msg/detail/armos_telemetry__struct.h\n'}
[3.999702] (armos_interfaces) StdoutLine: {'line': b'-- Installing: /home/krishnapranav/mj_manipulation/mujoco_manipulation/install/armos_interfaces/include/armos_interfaces/armos_interfaces/msg/detail/armos_joint_control__functions.h\n'}
[3.999894] (armos_interfaces) StdoutLine: {'line': b'-- Installing: /home/krishnapranav/mj_manipulation/mujoco_manipulation/install/armos_interfaces/include/armos_interfaces/armos_interfaces/msg/detail/armos_joint_control__functions.c\n'}
[4.000022] (armos_interfaces) StdoutLine: {'line': b'-- Installing: /home/krishnapranav/mj_manipulation/mujoco_manipulation/install/armos_interfaces/include/armos_interfaces/armos_interfaces/msg/detail/armos_joint_control__struct.h\n'}
[4.000162] (armos_interfaces) StdoutLine: {'line': b'-- Installing: /home/krishnapranav/mj_manipulation/mujoco_manipulation/install/armos_interfaces/include/armos_interfaces/armos_interfaces/msg/detail/armos_cart_control__type_support.h\n'}
[4.000295] (armos_interfaces) StdoutLine: {'line': b'-- Installing: /home/krishnapranav/mj_manipulation/mujoco_manipulation/install/armos_interfaces/include/armos_interfaces/armos_interfaces/msg/detail/armos_telemetry__functions.c\n'}
[4.000492] (armos_interfaces) StdoutLine: {'line': b'-- Installing: /home/krishnapranav/mj_manipulation/mujoco_manipulation/install/armos_interfaces/include/armos_interfaces/armos_interfaces/msg/detail/armos_cart_control__functions.c\n'}
[4.000709] (armos_interfaces) StdoutLine: {'line': b'-- Installing: /home/krishnapranav/mj_manipulation/mujoco_manipulation/install/armos_interfaces/include/armos_interfaces/armos_interfaces/msg/detail/armos_telemetry__functions.h\n'}
[4.000916] (armos_interfaces) StdoutLine: {'line': b'-- Installing: /home/krishnapranav/mj_manipulation/mujoco_manipulation/install/armos_interfaces/include/armos_interfaces/armos_interfaces/msg/detail/armos_cart_control__functions.h\n'}
[4.001122] (armos_interfaces) StdoutLine: {'line': b'-- Installing: /home/krishnapranav/mj_manipulation/mujoco_manipulation/install/armos_interfaces/include/armos_interfaces/armos_interfaces/msg/detail/armos_joint_control__type_support.h\n'}
[4.001317] (armos_interfaces) StdoutLine: {'line': b'-- Installing: /home/krishnapranav/mj_manipulation/mujoco_manipulation/install/armos_interfaces/include/armos_interfaces/armos_interfaces/msg/detail/armos_cart_control__struct.h\n'}
[4.001574] (armos_interfaces) StdoutLine: {'line': b'-- Installing: /home/krishnapranav/mj_manipulation/mujoco_manipulation/install/armos_interfaces/include/armos_interfaces/armos_interfaces/msg/armos_telemetry.h\n'}
[4.001773] (armos_interfaces) StdoutLine: {'line': b'-- Installing: /home/krishnapranav/mj_manipulation/mujoco_manipulation/install/armos_interfaces/include/armos_interfaces/armos_interfaces/msg/armos_joint_control.h\n'}
[4.001951] (armos_interfaces) StdoutLine: {'line': b'-- Installing: /home/krishnapranav/mj_manipulation/mujoco_manipulation/install/armos_interfaces/include/armos_interfaces/armos_interfaces/msg/armos_cart_control.h\n'}
[4.002104] (armos_interfaces) StdoutLine: {'line': b'-- Up-to-date: /home/krishnapranav/mj_manipulation/mujoco_manipulation/install/armos_interfaces/include/armos_interfaces/armos_interfaces/msg/rosidl_generator_c__visibility_control.h\n'}
[4.002224] (armos_interfaces) StdoutLine: {'line': b'-- Up-to-date: /home/krishnapranav/mj_manipulation/mujoco_manipulation/install/armos_interfaces/include/armos_interfaces/armos_interfaces/srv\n'}
[4.002401] (armos_interfaces) StdoutLine: {'line': b'-- Installing: /home/krishnapranav/mj_manipulation/mujoco_manipulation/install/armos_interfaces/include/armos_interfaces/armos_interfaces/srv/armos_set_gripper.h\n'}
[4.002601] (armos_interfaces) StdoutLine: {'line': b'-- Up-to-date: /home/krishnapranav/mj_manipulation/mujoco_manipulation/install/armos_interfaces/include/armos_interfaces/armos_interfaces/srv/armos_set_mode.h\n'}
[4.002735] (armos_interfaces) StdoutLine: {'line': b'-- Up-to-date: /home/krishnapranav/mj_manipulation/mujoco_manipulation/install/armos_interfaces/include/armos_interfaces/armos_interfaces/srv/detail\n'}
[4.002829] (armos_interfaces) StdoutLine: {'line': b'-- Installing: /home/krishnapranav/mj_manipulation/mujoco_manipulation/install/armos_interfaces/include/armos_interfaces/armos_interfaces/srv/detail/armos_set_gripper__struct.h\n'}
[4.002955] (armos_interfaces) StdoutLine: {'line': b'-- Installing: /home/krishnapranav/mj_manipulation/mujoco_manipulation/install/armos_interfaces/include/armos_interfaces/armos_interfaces/srv/detail/armos_set_gripper__type_support.h\n'}
[4.003061] (armos_interfaces) StdoutLine: {'line': b'-- Up-to-date: /home/krishnapranav/mj_manipulation/mujoco_manipulation/install/armos_interfaces/include/armos_interfaces/armos_interfaces/srv/detail/armos_set_mode__functions.c\n'}
[4.003147] (armos_interfaces) StdoutLine: {'line': b'-- Installing: /home/krishnapranav/mj_manipulation/mujoco_manipulation/install/armos_interfaces/include/armos_interfaces/armos_interfaces/srv/detail/armos_set_gripper__functions.h\n'}
[4.003237] (armos_interfaces) StdoutLine: {'line': b'-- Installing: /home/krishnapranav/mj_manipulation/mujoco_manipulation/install/armos_interfaces/include/armos_interfaces/armos_interfaces/srv/detail/armos_set_gripper__functions.c\n'}
[4.003389] (armos_interfaces) StdoutLine: {'line': b'-- Up-to-date: /home/krishnapranav/mj_manipulation/mujoco_manipulation/install/armos_interfaces/include/armos_interfaces/armos_interfaces/srv/detail/armos_set_mode__functions.h\n'}
[4.003560] (armos_interfaces) StdoutLine: {'line': b'-- Up-to-date: /home/krishnapranav/mj_manipulation/mujoco_manipulation/install/armos_interfaces/include/armos_interfaces/armos_interfaces/srv/detail/armos_set_mode__struct.h\n'}
[4.003672] (armos_interfaces) StdoutLine: {'line': b'-- Up-to-date: /home/krishnapranav/mj_manipulation/mujoco_manipulation/install/armos_interfaces/include/armos_interfaces/armos_interfaces/srv/detail/armos_set_mode__type_support.h\n'}
[4.003800] (armos_interfaces) StdoutLine: {'line': b'-- Up-to-date: /home/krishnapranav/mj_manipulation/mujoco_manipulation/install/armos_interfaces/share/armos_interfaces/environment/library_path.sh\n'}
[4.003941] (armos_interfaces) StdoutLine: {'line': b'-- Installing: /home/krishnapranav/mj_manipulation/mujoco_manipulation/install/armos_interfaces/share/armos_interfaces/environment/library_path.dsv\n'}
[4.004054] (armos_interfaces) StdoutLine: {'line': b'-- Installing: /home/krishnapranav/mj_manipulation/mujoco_manipulation/install/armos_interfaces/lib/libarmos_interfaces__rosidl_generator_c.so\n'}
[4.004523] (armos_interfaces) StdoutLine: {'line': b'-- Set runtime path of "/home/krishnapranav/mj_manipulation/mujoco_manipulation/install/armos_interfaces/lib/libarmos_interfaces__rosidl_generator_c.so" to ""\n'}
[4.004764] (armos_interfaces) StdoutLine: {'line': b'-- Up-to-date: /home/krishnapranav/mj_manipulation/mujoco_manipulation/install/armos_interfaces/include/armos_interfaces/armos_interfaces\n'}
[4.004951] (armos_interfaces) StdoutLine: {'line': b'-- Up-to-date: /home/krishnapranav/mj_manipulation/mujoco_manipulation/install/armos_interfaces/include/armos_interfaces/armos_interfaces/msg\n'}
[4.005076] (armos_interfaces) StdoutLine: {'line': b'-- Up-to-date: /home/krishnapranav/mj_manipulation/mujoco_manipulation/install/armos_interfaces/include/armos_interfaces/armos_interfaces/msg/detail\n'}
[4.005211] (armos_interfaces) StdoutLine: {'line': b'-- Installing: /home/krishnapranav/mj_manipulation/mujoco_manipulation/install/armos_interfaces/include/armos_interfaces/armos_interfaces/msg/detail/armos_cart_control__rosidl_typesupport_fastrtps_c.h\n'}
[4.005435] (armos_interfaces) StdoutLine: {'line': b'-- Installing: /home/krishnapranav/mj_manipulation/mujoco_manipulation/install/armos_interfaces/include/armos_interfaces/armos_interfaces/msg/detail/armos_joint_control__rosidl_typesupport_fastrtps_c.h\n'}
[4.005686] (armos_interfaces) StdoutLine: {'line': b'-- Installing: /home/krishnapranav/mj_manipulation/mujoco_manipulation/install/armos_interfaces/include/armos_interfaces/armos_interfaces/msg/detail/armos_telemetry__rosidl_typesupport_fastrtps_c.h\n'}
[4.005868] (armos_interfaces) StdoutLine: {'line': b'-- Up-to-date: /home/krishnapranav/mj_manipulation/mujoco_manipulation/install/armos_interfaces/include/armos_interfaces/armos_interfaces/msg/rosidl_typesupport_fastrtps_c__visibility_control.h\n'}
[4.005999] (armos_interfaces) StdoutLine: {'line': b'-- Up-to-date: /home/krishnapranav/mj_manipulation/mujoco_manipulation/install/armos_interfaces/include/armos_interfaces/armos_interfaces/srv\n'}
[4.006121] (armos_interfaces) StdoutLine: {'line': b'-- Up-to-date: /home/krishnapranav/mj_manipulation/mujoco_manipulation/install/armos_interfaces/include/armos_interfaces/armos_interfaces/srv/detail\n'}
[4.006277] (armos_interfaces) StdoutLine: {'line': b'-- Up-to-date: /home/krishnapranav/mj_manipulation/mujoco_manipulation/install/armos_interfaces/include/armos_interfaces/armos_interfaces/srv/detail/armos_set_mode__rosidl_typesupport_fastrtps_c.h\n'}
[4.006434] (armos_interfaces) StdoutLine: {'line': b'-- Installing: /home/krishnapranav/mj_manipulation/mujoco_manipulation/install/armos_interfaces/include/armos_interfaces/armos_interfaces/srv/detail/armos_set_gripper__rosidl_typesupport_fastrtps_c.h\n'}
[4.006566] (armos_interfaces) StdoutLine: {'line': b'-- Installing: /home/krishnapranav/mj_manipulation/mujoco_manipulation/install/armos_interfaces/lib/libarmos_interfaces__rosidl_typesupport_fastrtps_c.so\n'}
[4.006933] (armos_interfaces) StdoutLine: {'line': b'-- Set runtime path of "/home/krishnapranav/mj_manipulation/mujoco_manipulation/install/armos_interfaces/lib/libarmos_interfaces__rosidl_typesupport_fastrtps_c.so" to ""\n'}
[4.007139] (armos_interfaces) StdoutLine: {'line': b'-- Up-to-date: /home/krishnapranav/mj_manipulation/mujoco_manipulation/install/armos_interfaces/include/armos_interfaces/armos_interfaces\n'}
[4.007291] (armos_interfaces) StdoutLine: {'line': b'-- Up-to-date: /home/krishnapranav/mj_manipulation/mujoco_manipulation/install/armos_interfaces/include/armos_interfaces/armos_interfaces/msg\n'}
[4.007536] (armos_interfaces) StdoutLine: {'line': b'-- Up-to-date: /home/krishnapranav/mj_manipulation/mujoco_manipulation/install/armos_interfaces/include/armos_interfaces/armos_interfaces/msg/rosidl_typesupport_introspection_c__visibility_control.h\n'}
[4.007699] (armos_interfaces) StdoutLine: {'line': b'-- Up-to-date: /home/krishnapranav/mj_manipulation/mujoco_manipulation/install/armos_interfaces/include/armos_interfaces/armos_interfaces/msg/detail\n'}
[4.010532] (armos_interfaces) StdoutLine: {'line': b'-- Installing: /home/krishnapranav/mj_manipulation/mujoco_manipulation/install/armos_interfaces/include/armos_interfaces/armos_interfaces/msg/detail/armos_cart_control__rosidl_typesupport_introspection_c.h\n'}
[4.010869] (armos_interfaces) StdoutLine: {'line': b'-- Installing: /home/krishnapranav/mj_manipulation/mujoco_manipulation/install/armos_interfaces/include/armos_interfaces/armos_interfaces/msg/detail/armos_telemetry__rosidl_typesupport_introspection_c.h\n'}
[4.011110] (armos_interfaces) StdoutLine: {'line': b'-- Installing: /home/krishnapranav/mj_manipulation/mujoco_manipulation/install/armos_interfaces/include/armos_interfaces/armos_interfaces/msg/detail/armos_telemetry__type_support.c\n'}
[4.011332] (armos_interfaces) StdoutLine: {'line': b'-- Installing: /home/krishnapranav/mj_manipulation/mujoco_manipulation/install/armos_interfaces/include/armos_interfaces/armos_interfaces/msg/detail/armos_cart_control__type_support.c\n'}
[4.011538] (armos_interfaces) StdoutLine: {'line': b'-- Installing: /home/krishnapranav/mj_manipulation/mujoco_manipulation/install/armos_interfaces/include/armos_interfaces/armos_interfaces/msg/detail/armos_joint_control__type_support.c\n'}
[4.011695] (armos_interfaces) StdoutLine: {'line': b'-- Installing: /home/krishnapranav/mj_manipulation/mujoco_manipulation/install/armos_interfaces/include/armos_interfaces/armos_interfaces/msg/detail/armos_joint_control__rosidl_typesupport_introspection_c.h\n'}
[4.011837] (-) TimerEvent: {}
[4.012050] (armos_interfaces) StdoutLine: {'line': b'-- Up-to-date: /home/krishnapranav/mj_manipulation/mujoco_manipulation/install/armos_interfaces/include/armos_interfaces/armos_interfaces/srv\n'}
[4.012503] (armos_interfaces) StdoutLine: {'line': b'-- Up-to-date: /home/krishnapranav/mj_manipulation/mujoco_manipulation/install/armos_interfaces/include/armos_interfaces/armos_interfaces/srv/detail\n'}
[4.012636] (armos_interfaces) StdoutLine: {'line': b'-- Up-to-date: /home/krishnapranav/mj_manipulation/mujoco_manipulation/install/armos_interfaces/include/armos_interfaces/armos_interfaces/srv/detail/armos_set_mode__type_support.c\n'}
[4.012731] (armos_interfaces) StdoutLine: {'line': b'-- Installing: /home/krishnapranav/mj_manipulation/mujoco_manipulation/install/armos_interfaces/include/armos_interfaces/armos_interfaces/srv/detail/armos_set_gripper__rosidl_typesupport_introspection_c.h\n'}
[4.012824] (armos_interfaces) StdoutLine: {'line': b'-- Installing: /home/krishnapranav/mj_manipulation/mujoco_manipulation/install/armos_interfaces/include/armos_interfaces/armos_interfaces/srv/detail/armos_set_gripper__type_support.c\n'}
[4.012959] (armos_interfaces) StdoutLine: {'line': b'-- Up-to-date: /home/krishnapranav/mj_manipulation/mujoco_manipulation/install/armos_interfaces/include/armos_interfaces/armos_interfaces/srv/detail/armos_set_mode__rosidl_typesupport_introspection_c.h\n'}
[4.013050] (armos_interfaces) StdoutLine: {'line': b'-- Installing: /home/krishnapranav/mj_manipulation/mujoco_manipulation/install/armos_interfaces/lib/libarmos_interfaces__rosidl_typesupport_introspection_c.so\n'}
[4.013136] (armos_interfaces) StdoutLine: {'line': b'-- Set runtime path of "/home/krishnapranav/mj_manipulation/mujoco_manipulation/install/armos_interfaces/lib/libarmos_interfaces__rosidl_typesupport_introspection_c.so" to ""\n'}
[4.013224] (armos_interfaces) StdoutLine: {'line': b'-- Installing: /home/krishnapranav/mj_manipulation/mujoco_manipulation/install/armos_interfaces/lib/libarmos_interfaces__rosidl_typesupport_c.so\n'}
[4.013311] (armos_interfaces) StdoutLine: {'line': b'-- Set runtime path of "/home/krishnapranav/mj_manipulation/mujoco_manipulation/install/armos_interfaces/lib/libarmos_interfaces__rosidl_typesupport_c.so" to ""\n'}
[4.013402] (armos_interfaces) StdoutLine: {'line': b'-- Up-to-date: /home/krishnapranav/mj_manipulation/mujoco_manipulation/install/armos_interfaces/include/armos_interfaces/armos_interfaces\n'}
[4.013492] (armos_interfaces) StdoutLine: {'line': b'-- Up-to-date: /home/krishnapranav/mj_manipulation/mujoco_manipulation/install/armos_interfaces/include/armos_interfaces/armos_interfaces/msg\n'}
[4.013581] (armos_interfaces) StdoutLine: {'line': b'-- Up-to-date: /home/krishnapranav/mj_manipulation/mujoco_manipulation/install/armos_interfaces/include/armos_interfaces/armos_interfaces/msg/rosidl_generator_cpp__visibility_control.hpp\n'}
[4.013678] (armos_interfaces) StdoutLine: {'line': b'-- Installing: /home/krishnapranav/mj_manipulation/mujoco_manipulation/install/armos_interfaces/include/armos_interfaces/armos_interfaces/msg/armos_cart_control.hpp\n'}
[4.013776] (armos_interfaces) StdoutLine: {'line': b'-- Up-to-date: /home/krishnapranav/mj_manipulation/mujoco_manipulation/install/armos_interfaces/include/armos_interfaces/armos_interfaces/msg/detail\n'}
[4.013876] (armos_interfaces) StdoutLine: {'line': b'-- Installing: /home/krishnapranav/mj_manipulation/mujoco_manipulation/install/armos_interfaces/include/armos_interfaces/armos_interfaces/msg/detail/armos_cart_control__builder.hpp\n'}
[4.013981] (armos_interfaces) StdoutLine: {'line': b'-- Installing: /home/krishnapranav/mj_manipulation/mujoco_manipulation/install/armos_interfaces/include/armos_interfaces/armos_interfaces/msg/detail/armos_joint_control__type_support.hpp\n'}
[4.014177] (armos_interfaces) StdoutLine: {'line': b'-- Installing: /home/krishnapranav/mj_manipulation/mujoco_manipulation/install/armos_interfaces/include/armos_interfaces/armos_interfaces/msg/detail/armos_cart_control__traits.hpp\n'}
[4.014390] (armos_interfaces) StdoutLine: {'line': b'-- Installing: /home/krishnapranav/mj_manipulation/mujoco_manipulation/install/armos_interfaces/include/armos_interfaces/armos_interfaces/msg/detail/armos_joint_control__struct.hpp\n'}
[4.014519] (armos_interfaces) StdoutLine: {'line': b'-- Installing: /home/krishnapranav/mj_manipulation/mujoco_manipulation/install/armos_interfaces/include/armos_interfaces/armos_interfaces/msg/detail/armos_telemetry__traits.hpp\n'}
[4.014618] (armos_interfaces) StdoutLine: {'line': b'-- Installing: /home/krishnapranav/mj_manipulation/mujoco_manipulation/install/armos_interfaces/include/armos_interfaces/armos_interfaces/msg/detail/armos_joint_control__builder.hpp\n'}
[4.014759] (armos_interfaces) StdoutLine: {'line': b'-- Installing: /home/krishnapranav/mj_manipulation/mujoco_manipulation/install/armos_interfaces/include/armos_interfaces/armos_interfaces/msg/detail/armos_telemetry__type_support.hpp\n'}
[4.014852] (armos_interfaces) StdoutLine: {'line': b'-- Installing: /home/krishnapranav/mj_manipulation/mujoco_manipulation/install/armos_interfaces/include/armos_interfaces/armos_interfaces/msg/detail/armos_telemetry__builder.hpp\n'}
[4.014989] (armos_interfaces) StdoutLine: {'line': b'-- Installing: /home/krishnapranav/mj_manipulation/mujoco_manipulation/install/armos_interfaces/include/armos_interfaces/armos_interfaces/msg/detail/armos_joint_control__traits.hpp\n'}
[4.015080] (armos_interfaces) StdoutLine: {'line': b'-- Installing: /home/krishnapranav/mj_manipulation/mujoco_manipulation/install/armos_interfaces/include/armos_interfaces/armos_interfaces/msg/detail/armos_cart_control__type_support.hpp\n'}
[4.015213] (armos_interfaces) StdoutLine: {'line': b'-- Installing: /home/krishnapranav/mj_manipulation/mujoco_manipulation/install/armos_interfaces/include/armos_interfaces/armos_interfaces/msg/detail/armos_telemetry__struct.hpp\n'}
[4.015447] (armos_interfaces) StdoutLine: {'line': b'-- Installing: /home/krishnapranav/mj_manipulation/mujoco_manipulation/install/armos_interfaces/include/armos_interfaces/armos_interfaces/msg/detail/armos_cart_control__struct.hpp\n'}
[4.015731] (armos_interfaces) StdoutLine: {'line': b'-- Installing: /home/krishnapranav/mj_manipulation/mujoco_manipulation/install/armos_interfaces/include/armos_interfaces/armos_interfaces/msg/armos_telemetry.hpp\n'}
[4.015980] (armos_interfaces) StdoutLine: {'line': b'-- Installing: /home/krishnapranav/mj_manipulation/mujoco_manipulation/install/armos_interfaces/include/armos_interfaces/armos_interfaces/msg/armos_joint_control.hpp\n'}
[4.016224] (armos_interfaces) StdoutLine: {'line': b'-- Up-to-date: /home/krishnapranav/mj_manipulation/mujoco_manipulation/install/armos_interfaces/include/armos_interfaces/armos_interfaces/srv\n'}
[4.016363] (armos_interfaces) StdoutLine: {'line': b'-- Installing: /home/krishnapranav/mj_manipulation/mujoco_manipulation/install/armos_interfaces/include/armos_interfaces/armos_interfaces/srv/armos_set_gripper.hpp\n'}
[4.016830] (armos_interfaces) StdoutLine: {'line': b'-- Up-to-date: /home/krishnapranav/mj_manipulation/mujoco_manipulation/install/armos_interfaces/include/armos_interfaces/armos_interfaces/srv/armos_set_mode.hpp\n'}
[4.017108] (armos_interfaces) StdoutLine: {'line': b'-- Up-to-date: /home/krishnapranav/mj_manipulation/mujoco_manipulation/install/armos_interfaces/include/armos_interfaces/armos_interfaces/srv/detail\n'}
[4.017330] (armos_interfaces) StdoutLine: {'line': b'-- Up-to-date: /home/krishnapranav/mj_manipulation/mujoco_manipulation/install/armos_interfaces/include/armos_interfaces/armos_interfaces/srv/detail/armos_set_mode__struct.hpp\n'}
[4.017557] (armos_interfaces) StdoutLine: {'line': b'-- Up-to-date: /home/krishnapranav/mj_manipulation/mujoco_manipulation/install/armos_interfaces/include/armos_interfaces/armos_interfaces/srv/detail/armos_set_mode__builder.hpp\n'}
[4.017721] (armos_interfaces) StdoutLine: {'line': b'-- Installing: /home/krishnapranav/mj_manipulation/mujoco_manipulation/install/armos_interfaces/include/armos_interfaces/armos_interfaces/srv/detail/armos_set_gripper__builder.hpp\n'}
[4.017911] (armos_interfaces) StdoutLine: {'line': b'-- Up-to-date: /home/krishnapranav/mj_manipulation/mujoco_manipulation/install/armos_interfaces/include/armos_interfaces/armos_interfaces/srv/detail/armos_set_mode__type_support.hpp\n'}
[4.018129] (armos_interfaces) StdoutLine: {'line': b'-- Installing: /home/krishnapranav/mj_manipulation/mujoco_manipulation/install/armos_interfaces/include/armos_interfaces/armos_interfaces/srv/detail/armos_set_gripper__traits.hpp\n'}
[4.018354] (armos_interfaces) StdoutLine: {'line': b'-- Installing: /home/krishnapranav/mj_manipulation/mujoco_manipulation/install/armos_interfaces/include/armos_interfaces/armos_interfaces/srv/detail/armos_set_gripper__type_support.hpp\n'}
[4.018598] (armos_interfaces) StdoutLine: {'line': b'-- Installing: /home/krishnapranav/mj_manipulation/mujoco_manipulation/install/armos_interfaces/include/armos_interfaces/armos_interfaces/srv/detail/armos_set_gripper__struct.hpp\n'}
[4.018761] (armos_interfaces) StdoutLine: {'line': b'-- Up-to-date: /home/krishnapranav/mj_manipulation/mujoco_manipulation/install/armos_interfaces/include/armos_interfaces/armos_interfaces/srv/detail/armos_set_mode__traits.hpp\n'}
[4.018954] (armos_interfaces) StdoutLine: {'line': b'-- Up-to-date: /home/krishnapranav/mj_manipulation/mujoco_manipulation/install/armos_interfaces/include/armos_interfaces/armos_interfaces\n'}
[4.019116] (armos_interfaces) StdoutLine: {'line': b'-- Up-to-date: /home/krishnapranav/mj_manipulation/mujoco_manipulation/install/armos_interfaces/include/armos_interfaces/armos_interfaces/msg\n'}
[4.019315] (armos_interfaces) StdoutLine: {'line': b'-- Up-to-date: /home/krishnapranav/mj_manipulation/mujoco_manipulation/install/armos_interfaces/include/armos_interfaces/armos_interfaces/msg/rosidl_typesupport_fastrtps_cpp__visibility_control.h\n'}
[4.019568] (armos_interfaces) StdoutLine: {'line': b'-- Up-to-date: /home/krishnapranav/mj_manipulation/mujoco_manipulation/install/armos_interfaces/include/armos_interfaces/armos_interfaces/msg/detail\n'}
[4.019808] (armos_interfaces) StdoutLine: {'line': b'-- Installing: /home/krishnapranav/mj_manipulation/mujoco_manipulation/install/armos_interfaces/include/armos_interfaces/armos_interfaces/msg/detail/armos_joint_control__rosidl_typesupport_fastrtps_cpp.hpp\n'}
[4.019966] (armos_interfaces) StdoutLine: {'line': b'-- Installing: /home/krishnapranav/mj_manipulation/mujoco_manipulation/install/armos_interfaces/include/armos_interfaces/armos_interfaces/msg/detail/armos_telemetry__rosidl_typesupport_fastrtps_cpp.hpp\n'}
[4.020127] (armos_interfaces) StdoutLine: {'line': b'-- Installing: /home/krishnapranav/mj_manipulation/mujoco_manipulation/install/armos_interfaces/include/armos_interfaces/armos_interfaces/msg/detail/armos_cart_control__rosidl_typesupport_fastrtps_cpp.hpp\n'}
[4.020288] (armos_interfaces) StdoutLine: {'line': b'-- Up-to-date: /home/krishnapranav/mj_manipulation/mujoco_manipulation/install/armos_interfaces/include/armos_interfaces/armos_interfaces/msg/detail/dds_fastrtps\n'}
[4.020530] (armos_interfaces) StdoutLine: {'line': b'-- Up-to-date: /home/krishnapranav/mj_manipulation/mujoco_manipulation/install/armos_interfaces/include/armos_interfaces/armos_interfaces/srv\n'}
[4.020716] (armos_interfaces) StdoutLine: {'line': b'-- Up-to-date: /home/krishnapranav/mj_manipulation/mujoco_manipulation/install/armos_interfaces/include/armos_interfaces/armos_interfaces/srv/detail\n'}
[4.020884] (armos_interfaces) StdoutLine: {'line': b'-- Up-to-date: /home/krishnapranav/mj_manipulation/mujoco_manipulation/install/armos_interfaces/include/armos_interfaces/armos_interfaces/srv/detail/armos_set_mode__rosidl_typesupport_fastrtps_cpp.hpp\n'}
[4.021049] (armos_interfaces) StdoutLine: {'line': b'-- Up-to-date: /home/krishnapranav/mj_manipulation/mujoco_manipulation/install/armos_interfaces/include/armos_interfaces/armos_interfaces/srv/detail/dds_fastrtps\n'}
[4.021170] (armos_interfaces) StdoutLine: {'line': b'-- Installing: /home/krishnapranav/mj_manipulation/mujoco_manipulation/install/armos_interfaces/include/armos_interfaces/armos_interfaces/srv/detail/armos_set_gripper__rosidl_typesupport_fastrtps_cpp.hpp\n'}
[4.021287] (armos_interfaces) StdoutLine: {'line': b'-- Installing: /home/krishnapranav/mj_manipulation/mujoco_manipulation/install/armos_interfaces/lib/libarmos_interfaces__rosidl_typesupport_fastrtps_cpp.so\n'}
[4.021413] (armos_interfaces) StdoutLine: {'line': b'-- Set runtime path of "/home/krishnapranav/mj_manipulation/mujoco_manipulation/install/armos_interfaces/lib/libarmos_interfaces__rosidl_typesupport_fastrtps_cpp.so" to ""\n'}
[4.021685] (armos_interfaces) StdoutLine: {'line': b'-- Up-to-date: /home/krishnapranav/mj_manipulation/mujoco_manipulation/install/armos_interfaces/include/armos_interfaces/armos_interfaces\n'}
[4.021786] (armos_interfaces) StdoutLine: {'line': b'-- Up-to-date: /home/krishnapranav/mj_manipulation/mujoco_manipulation/install/armos_interfaces/include/armos_interfaces/armos_interfaces/msg\n'}
[4.021878] (armos_interfaces) StdoutLine: {'line': b'-- Up-to-date: /home/krishnapranav/mj_manipulation/mujoco_manipulation/install/armos_interfaces/include/armos_interfaces/armos_interfaces/msg/detail\n'}
[4.022016] (armos_interfaces) StdoutLine: {'line': b'-- Installing: /home/krishnapranav/mj_manipulation/mujoco_manipulation/install/armos_interfaces/include/armos_interfaces/armos_interfaces/msg/detail/armos_telemetry__rosidl_typesupport_introspection_cpp.hpp\n'}
[4.022113] (armos_interfaces) StdoutLine: {'line': b'-- Installing: /home/krishnapranav/mj_manipulation/mujoco_manipulation/install/armos_interfaces/include/armos_interfaces/armos_interfaces/msg/detail/armos_telemetry__type_support.cpp\n'}
[4.022219] (armos_interfaces) StdoutLine: {'line': b'-- Installing: /home/krishnapranav/mj_manipulation/mujoco_manipulation/install/armos_interfaces/include/armos_interfaces/armos_interfaces/msg/detail/armos_cart_control__type_support.cpp\n'}
[4.022304] (armos_interfaces) StdoutLine: {'line': b'-- Installing: /home/krishnapranav/mj_manipulation/mujoco_manipulation/install/armos_interfaces/include/armos_interfaces/armos_interfaces/msg/detail/armos_joint_control__rosidl_typesupport_introspection_cpp.hpp\n'}
[4.022425] (armos_interfaces) StdoutLine: {'line': b'-- Installing: /home/krishnapranav/mj_manipulation/mujoco_manipulation/install/armos_interfaces/include/armos_interfaces/armos_interfaces/msg/detail/armos_joint_control__type_support.cpp\n'}
[4.022539] (armos_interfaces) StdoutLine: {'line': b'-- Installing: /home/krishnapranav/mj_manipulation/mujoco_manipulation/install/armos_interfaces/include/armos_interfaces/armos_interfaces/msg/detail/armos_cart_control__rosidl_typesupport_introspection_cpp.hpp\n'}
[4.022655] (armos_interfaces) StdoutLine: {'line': b'-- Up-to-date: /home/krishnapranav/mj_manipulation/mujoco_manipulation/install/armos_interfaces/include/armos_interfaces/armos_interfaces/srv\n'}
[4.022760] (armos_interfaces) StdoutLine: {'line': b'-- Up-to-date: /home/krishnapranav/mj_manipulation/mujoco_manipulation/install/armos_interfaces/include/armos_interfaces/armos_interfaces/srv/detail\n'}
[4.022865] (armos_interfaces) StdoutLine: {'line': b'-- Up-to-date: /home/krishnapranav/mj_manipulation/mujoco_manipulation/install/armos_interfaces/include/armos_interfaces/armos_interfaces/srv/detail/armos_set_mode__type_support.cpp\n'}
[4.022978] (armos_interfaces) StdoutLine: {'line': b'-- Up-to-date: /home/krishnapranav/mj_manipulation/mujoco_manipulation/install/armos_interfaces/include/armos_interfaces/armos_interfaces/srv/detail/armos_set_mode__rosidl_typesupport_introspection_cpp.hpp\n'}
[4.023071] (armos_interfaces) StdoutLine: {'line': b'-- Installing: /home/krishnapranav/mj_manipulation/mujoco_manipulation/install/armos_interfaces/include/armos_interfaces/armos_interfaces/srv/detail/armos_set_gripper__type_support.cpp\n'}
[4.023184] (armos_interfaces) StdoutLine: {'line': b'-- Installing: /home/krishnapranav/mj_manipulation/mujoco_manipulation/install/armos_interfaces/include/armos_interfaces/armos_interfaces/srv/detail/armos_set_gripper__rosidl_typesupport_introspection_cpp.hpp\n'}
[4.023278] (armos_interfaces) StdoutLine: {'line': b'-- Installing: /home/krishnapranav/mj_manipulation/mujoco_manipulation/install/armos_interfaces/lib/libarmos_interfaces__rosidl_typesupport_introspection_cpp.so\n'}
[4.023723] (armos_interfaces) StdoutLine: {'line': b'-- Set runtime path of "/home/krishnapranav/mj_manipulation/mujoco_manipulation/install/armos_interfaces/lib/libarmos_interfaces__rosidl_typesupport_introspection_cpp.so" to ""\n'}
[4.023970] (armos_interfaces) StdoutLine: {'line': b'-- Installing: /home/krishnapranav/mj_manipulation/mujoco_manipulation/install/armos_interfaces/lib/libarmos_interfaces__rosidl_typesupport_cpp.so\n'}
[4.024674] (armos_interfaces) StdoutLine: {'line': b'-- Set runtime path of "/home/krishnapranav/mj_manipulation/mujoco_manipulation/install/armos_interfaces/lib/libarmos_interfaces__rosidl_typesupport_cpp.so" to ""\n'}
[4.024855] (armos_interfaces) StdoutLine: {'line': b'-- Up-to-date: /home/krishnapranav/mj_manipulation/mujoco_manipulation/install/armos_interfaces/share/armos_interfaces/environment/pythonpath.sh\n'}
[4.024917] (armos_interfaces) StdoutLine: {'line': b'-- Installing: /home/krishnapranav/mj_manipulation/mujoco_manipulation/install/armos_interfaces/share/armos_interfaces/environment/pythonpath.dsv\n'}
[4.025138] (armos_interfaces) StdoutLine: {'line': b'-- Up-to-date: /home/krishnapranav/mj_manipulation/mujoco_manipulation/install/armos_interfaces/lib/python3.10/site-packages/armos_interfaces-0.0.0-py3.10.egg-info\n'}
[4.025236] (armos_interfaces) StdoutLine: {'line': b'-- Installing: /home/krishnapranav/mj_manipulation/mujoco_manipulation/install/armos_interfaces/lib/python3.10/site-packages/armos_interfaces-0.0.0-py3.10.egg-info/PKG-INFO\n'}
[4.025548] (armos_interfaces) StdoutLine: {'line': b'-- Installing: /home/krishnapranav/mj_manipulation/mujoco_manipulation/install/armos_interfaces/lib/python3.10/site-packages/armos_interfaces-0.0.0-py3.10.egg-info/top_level.txt\n'}
[4.025827] (armos_interfaces) StdoutLine: {'line': b'-- Installing: /home/krishnapranav/mj_manipulation/mujoco_manipulation/install/armos_interfaces/lib/python3.10/site-packages/armos_interfaces-0.0.0-py3.10.egg-info/dependency_links.txt\n'}
[4.026094] (armos_interfaces) StdoutLine: {'line': b'-- Installing: /home/krishnapranav/mj_manipulation/mujoco_manipulation/install/armos_interfaces/lib/python3.10/site-packages/armos_interfaces-0.0.0-py3.10.egg-info/SOURCES.txt\n'}
[4.026465] (armos_interfaces) StdoutLine: {'line': b'-- Up-to-date: /home/krishnapranav/mj_manipulation/mujoco_manipulation/install/armos_interfaces/lib/python3.10/site-packages/armos_interfaces\n'}
[4.026568] (armos_interfaces) StdoutLine: {'line': b'-- Installing: /home/krishnapranav/mj_manipulation/mujoco_manipulation/install/armos_interfaces/lib/python3.10/site-packages/armos_interfaces/armos_interfaces_s__rosidl_typesupport_introspection_c.cpython-310-x86_64-linux-gnu.so\n'}
[4.026988] (armos_interfaces) StdoutLine: {'line': b'-- Installing: /home/krishnapranav/mj_manipulation/mujoco_manipulation/install/armos_interfaces/lib/python3.10/site-packages/armos_interfaces/_armos_interfaces_s.ep.rosidl_typesupport_fastrtps_c.c\n'}
[4.027300] (armos_interfaces) StdoutLine: {'line': b'-- Installing: /home/krishnapranav/mj_manipulation/mujoco_manipulation/install/armos_interfaces/lib/python3.10/site-packages/armos_interfaces/libarmos_interfaces__rosidl_generator_py.so\n'}
[4.027796] (armos_interfaces) StdoutLine: {'line': b'-- Installing: /home/krishnapranav/mj_manipulation/mujoco_manipulation/install/armos_interfaces/lib/python3.10/site-packages/armos_interfaces/_armos_interfaces_s.ep.rosidl_typesupport_introspection_c.c\n'}
[4.028144] (armos_interfaces) StdoutLine: {'line': b'-- Installing: /home/krishnapranav/mj_manipulation/mujoco_manipulation/install/armos_interfaces/lib/python3.10/site-packages/armos_interfaces/armos_interfaces_s__rosidl_typesupport_fastrtps_c.cpython-310-x86_64-linux-gnu.so\n'}
[4.028573] (armos_interfaces) StdoutLine: {'line': b'-- Installing: /home/krishnapranav/mj_manipulation/mujoco_manipulation/install/armos_interfaces/lib/python3.10/site-packages/armos_interfaces/__init__.py\n'}
[4.028758] (armos_interfaces) StdoutLine: {'line': b'-- Installing: /home/krishnapranav/mj_manipulation/mujoco_manipulation/install/armos_interfaces/lib/python3.10/site-packages/armos_interfaces/armos_interfaces_s__rosidl_typesupport_c.cpython-310-x86_64-linux-gnu.so\n'}
[4.029170] (armos_interfaces) StdoutLine: {'line': b'-- Installing: /home/krishnapranav/mj_manipulation/mujoco_manipulation/install/armos_interfaces/lib/python3.10/site-packages/armos_interfaces/_armos_interfaces_s.ep.rosidl_typesupport_c.c\n'}
[4.029476] (armos_interfaces) StdoutLine: {'line': b'-- Up-to-date: /home/krishnapranav/mj_manipulation/mujoco_manipulation/install/armos_interfaces/lib/python3.10/site-packages/armos_interfaces/msg\n'}
[4.029575] (armos_interfaces) StdoutLine: {'line': b'-- Installing: /home/krishnapranav/mj_manipulation/mujoco_manipulation/install/armos_interfaces/lib/python3.10/site-packages/armos_interfaces/msg/_armos_joint_control.py\n'}
[4.029851] (armos_interfaces) StdoutLine: {'line': b'-- Installing: /home/krishnapranav/mj_manipulation/mujoco_manipulation/install/armos_interfaces/lib/python3.10/site-packages/armos_interfaces/msg/_armos_telemetry.py\n'}
[4.030173] (armos_interfaces) StdoutLine: {'line': b'-- Installing: /home/krishnapranav/mj_manipulation/mujoco_manipulation/install/armos_interfaces/lib/python3.10/site-packages/armos_interfaces/msg/_armos_cart_control.py\n'}
[4.030518] (armos_interfaces) StdoutLine: {'line': b'-- Installing: /home/krishnapranav/mj_manipulation/mujoco_manipulation/install/armos_interfaces/lib/python3.10/site-packages/armos_interfaces/msg/_armos_cart_control_s.c\n'}
[4.030792] (armos_interfaces) StdoutLine: {'line': b'-- Installing: /home/krishnapranav/mj_manipulation/mujoco_manipulation/install/armos_interfaces/lib/python3.10/site-packages/armos_interfaces/msg/__init__.py\n'}
[4.031049] (armos_interfaces) StdoutLine: {'line': b'-- Installing: /home/krishnapranav/mj_manipulation/mujoco_manipulation/install/armos_interfaces/lib/python3.10/site-packages/armos_interfaces/msg/_armos_telemetry_s.c\n'}
[4.031399] (armos_interfaces) StdoutLine: {'line': b'-- Installing: /home/krishnapranav/mj_manipulation/mujoco_manipulation/install/armos_interfaces/lib/python3.10/site-packages/armos_interfaces/msg/_armos_joint_control_s.c\n'}
[4.031672] (armos_interfaces) StdoutLine: {'line': b'-- Up-to-date: /home/krishnapranav/mj_manipulation/mujoco_manipulation/install/armos_interfaces/lib/python3.10/site-packages/armos_interfaces/srv\n'}
[4.031761] (armos_interfaces) StdoutLine: {'line': b'-- Installing: /home/krishnapranav/mj_manipulation/mujoco_manipulation/install/armos_interfaces/lib/python3.10/site-packages/armos_interfaces/srv/_armos_set_gripper_s.c\n'}
[4.032036] (armos_interfaces) StdoutLine: {'line': b'-- Installing: /home/krishnapranav/mj_manipulation/mujoco_manipulation/install/armos_interfaces/lib/python3.10/site-packages/armos_interfaces/srv/__init__.py\n'}
[4.032286] (armos_interfaces) StdoutLine: {'line': b'-- Installing: /home/krishnapranav/mj_manipulation/mujoco_manipulation/install/armos_interfaces/lib/python3.10/site-packages/armos_interfaces/srv/_armos_set_gripper.py\n'}
[4.032599] (armos_interfaces) StdoutLine: {'line': b'-- Up-to-date: /home/krishnapranav/mj_manipulation/mujoco_manipulation/install/armos_interfaces/lib/python3.10/site-packages/armos_interfaces/srv/_armos_set_mode.py\n'}
[4.032691] (armos_interfaces) StdoutLine: {'line': b'-- Up-to-date: /home/krishnapranav/mj_manipulation/mujoco_manipulation/install/armos_interfaces/lib/python3.10/site-packages/armos_interfaces/srv/_armos_set_mode_s.c\n'}
[4.074165] (armos_interfaces) StdoutLine: {'line': b"Listing '/home/krishnapranav/mj_manipulation/mujoco_manipulation/install/armos_interfaces/lib/python3.10/site-packages/armos_interfaces'...\n"}
[4.074359] (armos_interfaces) StdoutLine: {'line': b"Compiling '/home/krishnapranav/mj_manipulation/mujoco_manipulation/install/armos_interfaces/lib/python3.10/site-packages/armos_interfaces/__init__.py'...\n"}
[4.074425] (armos_interfaces) StdoutLine: {'line': b"Listing '/home/krishnapranav/mj_manipulation/mujoco_manipulation/install/armos_interfaces/lib/python3.10/site-packages/armos_interfaces/msg'...\n"}
[4.074488] (armos_interfaces) StdoutLine: {'line': b"Compiling '/home/krishnapranav/mj_manipulation/mujoco_manipulation/install/armos_interfaces/lib/python3.10/site-packages/armos_interfaces/msg/__init__.py'...\n"}
[4.074537] (armos_interfaces) StdoutLine: {'line': b"Compiling '/home/krishnapranav/mj_manipulation/mujoco_manipulation/install/armos_interfaces/lib/python3.10/site-packages/armos_interfaces/msg/_armos_cart_control.py'...\n"}
[4.074586] (armos_interfaces) StdoutLine: {'line': b"Compiling '/home/krishnapranav/mj_manipulation/mujoco_manipulation/install/armos_interfaces/lib/python3.10/site-packages/armos_interfaces/msg/_armos_joint_control.py'...\n"}
[4.074634] (armos_interfaces) StdoutLine: {'line': b"Compiling '/home/krishnapranav/mj_manipulation/mujoco_manipulation/install/armos_interfaces/lib/python3.10/site-packages/armos_interfaces/msg/_armos_telemetry.py'...\n"}
[4.074684] (armos_interfaces) StdoutLine: {'line': b"Listing '/home/krishnapranav/mj_manipulation/mujoco_manipulation/install/armos_interfaces/lib/python3.10/site-packages/armos_interfaces/srv'...\n"}
[4.074733] (armos_interfaces) StdoutLine: {'line': b"Compiling '/home/krishnapranav/mj_manipulation/mujoco_manipulation/install/armos_interfaces/lib/python3.10/site-packages/armos_interfaces/srv/__init__.py'...\n"}
[4.074782] (armos_interfaces) StdoutLine: {'line': b"Compiling '/home/krishnapranav/mj_manipulation/mujoco_manipulation/install/armos_interfaces/lib/python3.10/site-packages/armos_interfaces/srv/_armos_set_gripper.py'...\n"}
[4.080003] (armos_interfaces) StdoutLine: {'line': b'-- Installing: /home/krishnapranav/mj_manipulation/mujoco_manipulation/install/armos_interfaces/lib/python3.10/site-packages/armos_interfaces/armos_interfaces_s__rosidl_typesupport_fastrtps_c.cpython-310-x86_64-linux-gnu.so\n'}
[4.080290] (armos_interfaces) StdoutLine: {'line': b'-- Set runtime path of "/home/krishnapranav/mj_manipulation/mujoco_manipulation/install/armos_interfaces/lib/python3.10/site-packages/armos_interfaces/armos_interfaces_s__rosidl_typesupport_fastrtps_c.cpython-310-x86_64-linux-gnu.so" to ""\n'}
[4.080614] (armos_interfaces) StdoutLine: {'line': b'-- Installing: /home/krishnapranav/mj_manipulation/mujoco_manipulation/install/armos_interfaces/lib/python3.10/site-packages/armos_interfaces/armos_interfaces_s__rosidl_typesupport_introspection_c.cpython-310-x86_64-linux-gnu.so\n'}
[4.081043] (armos_interfaces) StdoutLine: {'line': b'-- Set runtime path of "/home/krishnapranav/mj_manipulation/mujoco_manipulation/install/armos_interfaces/lib/python3.10/site-packages/armos_interfaces/armos_interfaces_s__rosidl_typesupport_introspection_c.cpython-310-x86_64-linux-gnu.so" to ""\n'}
[4.081207] (armos_interfaces) StdoutLine: {'line': b'-- Installing: /home/krishnapranav/mj_manipulation/mujoco_manipulation/install/armos_interfaces/lib/python3.10/site-packages/armos_interfaces/armos_interfaces_s__rosidl_typesupport_c.cpython-310-x86_64-linux-gnu.so\n'}
[4.081692] (armos_interfaces) StdoutLine: {'line': b'-- Set runtime path of "/home/krishnapranav/mj_manipulation/mujoco_manipulation/install/armos_interfaces/lib/python3.10/site-packages/armos_interfaces/armos_interfaces_s__rosidl_typesupport_c.cpython-310-x86_64-linux-gnu.so" to ""\n'}
[4.081861] (armos_interfaces) StdoutLine: {'line': b'-- Installing: /home/krishnapranav/mj_manipulation/mujoco_manipulation/install/armos_interfaces/lib/libarmos_interfaces__rosidl_generator_py.so\n'}
[4.082418] (armos_interfaces) StdoutLine: {'line': b'-- Set runtime path of "/home/krishnapranav/mj_manipulation/mujoco_manipulation/install/armos_interfaces/lib/libarmos_interfaces__rosidl_generator_py.so" to ""\n'}
[4.082519] (armos_interfaces) StdoutLine: {'line': b'-- Up-to-date: /home/krishnapranav/mj_manipulation/mujoco_manipulation/install/armos_interfaces/share/armos_interfaces/msg/ArmosTelemetry.idl\n'}
[4.082614] (armos_interfaces) StdoutLine: {'line': b'-- Up-to-date: /home/krishnapranav/mj_manipulation/mujoco_manipulation/install/armos_interfaces/share/armos_interfaces/msg/ArmosJointControl.idl\n'}
[4.082682] (armos_interfaces) StdoutLine: {'line': b'-- Up-to-date: /home/krishnapranav/mj_manipulation/mujoco_manipulation/install/armos_interfaces/share/armos_interfaces/msg/ArmosCartControl.idl\n'}
[4.082750] (armos_interfaces) StdoutLine: {'line': b'-- Installing: /home/krishnapranav/mj_manipulation/mujoco_manipulation/install/armos_interfaces/share/armos_interfaces/srv/ArmosSetGripper.idl\n'}
[4.082835] (armos_interfaces) StdoutLine: {'line': b'-- Up-to-date: /home/krishnapranav/mj_manipulation/mujoco_manipulation/install/armos_interfaces/share/armos_interfaces/msg/ArmosTelemetry.msg\n'}
[4.082892] (armos_interfaces) StdoutLine: {'line': b'-- Up-to-date: /home/krishnapranav/mj_manipulation/mujoco_manipulation/install/armos_interfaces/share/armos_interfaces/msg/ArmosJointControl.msg\n'}
[4.082952] (armos_interfaces) StdoutLine: {'line': b'-- Up-to-date: /home/krishnapranav/mj_manipulation/mujoco_manipulation/install/armos_interfaces/share/armos_interfaces/msg/ArmosCartControl.msg\n'}
[4.082996] (armos_interfaces) StdoutLine: {'line': b'-- Installing: /home/krishnapranav/mj_manipulation/mujoco_manipulation/install/armos_interfaces/share/armos_interfaces/srv/ArmosSetGripper.srv\n'}
[4.083049] (armos_interfaces) StdoutLine: {'line': b'-- Installing: /home/krishnapranav/mj_manipulation/mujoco_manipulation/install/armos_interfaces/share/armos_interfaces/srv/ArmosSetGripper_Request.msg\n'}
[4.083113] (armos_interfaces) StdoutLine: {'line': b'-- Up-to-date: /home/krishnapranav/mj_manipulation/mujoco_manipulation/install/armos_interfaces/share/armos_interfaces/srv/ArmosSetGripper_Response.msg\n'}
[4.083150] (armos_interfaces) StdoutLine: {'line': b'-- Up-to-date: /home/krishnapranav/mj_manipulation/mujoco_manipulation/install/armos_interfaces/share/ament_index/resource_index/package_run_dependencies/armos_interfaces\n'}
[4.083190] (armos_interfaces) StdoutLine: {'line': b'-- Installing: /home/krishnapranav/mj_manipulation/mujoco_manipulation/install/armos_interfaces/share/ament_index/resource_index/parent_prefix_path/armos_interfaces\n'}
[4.083243] (armos_interfaces) StdoutLine: {'line': b'-- Up-to-date: /home/krishnapranav/mj_manipulation/mujoco_manipulation/install/armos_interfaces/share/armos_interfaces/environment/ament_prefix_path.sh\n'}
[4.083307] (armos_interfaces) StdoutLine: {'line': b'-- Installing: /home/krishnapranav/mj_manipulation/mujoco_manipulation/install/armos_interfaces/share/armos_interfaces/environment/ament_prefix_path.dsv\n'}
[4.083355] (armos_interfaces) StdoutLine: {'line': b'-- Up-to-date: /home/krishnapranav/mj_manipulation/mujoco_manipulation/install/armos_interfaces/share/armos_interfaces/environment/path.sh\n'}
[4.083409] (armos_interfaces) StdoutLine: {'line': b'-- Installing: /home/krishnapranav/mj_manipulation/mujoco_manipulation/install/armos_interfaces/share/armos_interfaces/environment/path.dsv\n'}
[4.083449] (armos_interfaces) StdoutLine: {'line': b'-- Up-to-date: /home/krishnapranav/mj_manipulation/mujoco_manipulation/install/armos_interfaces/share/armos_interfaces/local_setup.bash\n'}
[4.083489] (armos_interfaces) StdoutLine: {'line': b'-- Up-to-date: /home/krishnapranav/mj_manipulation/mujoco_manipulation/install/armos_interfaces/share/armos_interfaces/local_setup.sh\n'}
[4.083546] (armos_interfaces) StdoutLine: {'line': b'-- Up-to-date: /home/krishnapranav/mj_manipulation/mujoco_manipulation/install/armos_interfaces/share/armos_interfaces/local_setup.zsh\n'}
[4.083598] (armos_interfaces) StdoutLine: {'line': b'-- Installing: /home/krishnapranav/mj_manipulation/mujoco_manipulation/install/armos_interfaces/share/armos_interfaces/local_setup.dsv\n'}
[4.083640] (armos_interfaces) StdoutLine: {'line': b'-- Installing: /home/krishnapranav/mj_manipulation/mujoco_manipulation/install/armos_interfaces/share/armos_interfaces/package.dsv\n'}
[4.083679] (armos_interfaces) StdoutLine: {'line': b'-- Up-to-date: /home/krishnapranav/mj_manipulation/mujoco_manipulation/install/armos_interfaces/share/ament_index/resource_index/packages/armos_interfaces\n'}
[4.083720] (armos_interfaces) StdoutLine: {'line': b'-- Up-to-date: /home/krishnapranav/mj_manipulation/mujoco_manipulation/install/armos_interfaces/share/armos_interfaces/cmake/export_armos_interfaces__rosidl_generator_cExport.cmake\n'}
[4.083770] (armos_interfaces) StdoutLine: {'line': b'-- Up-to-date: /home/krishnapranav/mj_manipulation/mujoco_manipulation/install/armos_interfaces/share/armos_interfaces/cmake/export_armos_interfaces__rosidl_generator_cExport-noconfig.cmake\n'}
[4.083845] (armos_interfaces) StdoutLine: {'line': b'-- Up-to-date: /home/krishnapranav/mj_manipulation/mujoco_manipulation/install/armos_interfaces/share/armos_interfaces/cmake/export_armos_interfaces__rosidl_typesupport_fastrtps_cExport.cmake\n'}
[4.083892] (armos_interfaces) StdoutLine: {'line': b'-- Up-to-date: /home/krishnapranav/mj_manipulation/mujoco_manipulation/install/armos_interfaces/share/armos_interfaces/cmake/export_armos_interfaces__rosidl_typesupport_fastrtps_cExport-noconfig.cmake\n'}
[4.083933] (armos_interfaces) StdoutLine: {'line': b'-- Up-to-date: /home/krishnapranav/mj_manipulation/mujoco_manipulation/install/armos_interfaces/share/armos_interfaces/cmake/armos_interfaces__rosidl_typesupport_introspection_cExport.cmake\n'}
[4.083973] (armos_interfaces) StdoutLine: {'line': b'-- Up-to-date: /home/krishnapranav/mj_manipulation/mujoco_manipulation/install/armos_interfaces/share/armos_interfaces/cmake/armos_interfaces__rosidl_typesupport_introspection_cExport-noconfig.cmake\n'}
[4.084013] (armos_interfaces) StdoutLine: {'line': b'-- Up-to-date: /home/krishnapranav/mj_manipulation/mujoco_manipulation/install/armos_interfaces/share/armos_interfaces/cmake/armos_interfaces__rosidl_typesupport_cExport.cmake\n'}
[4.084052] (armos_interfaces) StdoutLine: {'line': b'-- Up-to-date: /home/krishnapranav/mj_manipulation/mujoco_manipulation/install/armos_interfaces/share/armos_interfaces/cmake/armos_interfaces__rosidl_typesupport_cExport-noconfig.cmake\n'}
[4.084105] (armos_interfaces) StdoutLine: {'line': b'-- Up-to-date: /home/krishnapranav/mj_manipulation/mujoco_manipulation/install/armos_interfaces/share/armos_interfaces/cmake/export_armos_interfaces__rosidl_generator_cppExport.cmake\n'}
[4.084174] (armos_interfaces) StdoutLine: {'line': b'-- Up-to-date: /home/krishnapranav/mj_manipulation/mujoco_manipulation/install/armos_interfaces/share/armos_interfaces/cmake/export_armos_interfaces__rosidl_typesupport_fastrtps_cppExport.cmake\n'}
[4.084219] (armos_interfaces) StdoutLine: {'line': b'-- Up-to-date: /home/krishnapranav/mj_manipulation/mujoco_manipulation/install/armos_interfaces/share/armos_interfaces/cmake/export_armos_interfaces__rosidl_typesupport_fastrtps_cppExport-noconfig.cmake\n'}
[4.084261] (armos_interfaces) StdoutLine: {'line': b'-- Up-to-date: /home/krishnapranav/mj_manipulation/mujoco_manipulation/install/armos_interfaces/share/armos_interfaces/cmake/armos_interfaces__rosidl_typesupport_introspection_cppExport.cmake\n'}
[4.084301] (armos_interfaces) StdoutLine: {'line': b'-- Up-to-date: /home/krishnapranav/mj_manipulation/mujoco_manipulation/install/armos_interfaces/share/armos_interfaces/cmake/armos_interfaces__rosidl_typesupport_introspection_cppExport-noconfig.cmake\n'}
[4.084340] (armos_interfaces) StdoutLine: {'line': b'-- Up-to-date: /home/krishnapranav/mj_manipulation/mujoco_manipulation/install/armos_interfaces/share/armos_interfaces/cmake/armos_interfaces__rosidl_typesupport_cppExport.cmake\n'}
[4.084414] (armos_interfaces) StdoutLine: {'line': b'-- Up-to-date: /home/krishnapranav/mj_manipulation/mujoco_manipulation/install/armos_interfaces/share/armos_interfaces/cmake/armos_interfaces__rosidl_typesupport_cppExport-noconfig.cmake\n'}
[4.084447] (armos_interfaces) StdoutLine: {'line': b'-- Up-to-date: /home/krishnapranav/mj_manipulation/mujoco_manipulation/install/armos_interfaces/share/armos_interfaces/cmake/export_armos_interfaces__rosidl_generator_pyExport.cmake\n'}
[4.084478] (armos_interfaces) StdoutLine: {'line': b'-- Up-to-date: /home/krishnapranav/mj_manipulation/mujoco_manipulation/install/armos_interfaces/share/armos_interfaces/cmake/export_armos_interfaces__rosidl_generator_pyExport-noconfig.cmake\n'}
[4.084513] (armos_interfaces) StdoutLine: {'line': b'-- Up-to-date: /home/krishnapranav/mj_manipulation/mujoco_manipulation/install/armos_interfaces/share/armos_interfaces/cmake/rosidl_cmake-extras.cmake\n'}
[4.084542] (armos_interfaces) StdoutLine: {'line': b'-- Up-to-date: /home/krishnapranav/mj_manipulation/mujoco_manipulation/install/armos_interfaces/share/armos_interfaces/cmake/ament_cmake_export_include_directories-extras.cmake\n'}
[4.084578] (armos_interfaces) StdoutLine: {'line': b'-- Up-to-date: /home/krishnapranav/mj_manipulation/mujoco_manipulation/install/armos_interfaces/share/armos_interfaces/cmake/ament_cmake_export_libraries-extras.cmake\n'}
[4.084608] (armos_interfaces) StdoutLine: {'line': b'-- Up-to-date: /home/krishnapranav/mj_manipulation/mujoco_manipulation/install/armos_interfaces/share/armos_interfaces/cmake/ament_cmake_export_targets-extras.cmake\n'}
[4.084638] (armos_interfaces) StdoutLine: {'line': b'-- Up-to-date: /home/krishnapranav/mj_manipulation/mujoco_manipulation/install/armos_interfaces/share/armos_interfaces/cmake/rosidl_cmake_export_typesupport_targets-extras.cmake\n'}
[4.084666] (armos_interfaces) StdoutLine: {'line': b'-- Up-to-date: /home/krishnapranav/mj_manipulation/mujoco_manipulation/install/armos_interfaces/share/armos_interfaces/cmake/ament_cmake_export_dependencies-extras.cmake\n'}
[4.084695] (armos_interfaces) StdoutLine: {'line': b'-- Up-to-date: /home/krishnapranav/mj_manipulation/mujoco_manipulation/install/armos_interfaces/share/armos_interfaces/cmake/rosidl_cmake_export_typesupport_libraries-extras.cmake\n'}
[4.084724] (armos_interfaces) StdoutLine: {'line': b'-- Up-to-date: /home/krishnapranav/mj_manipulation/mujoco_manipulation/install/armos_interfaces/share/armos_interfaces/cmake/armos_interfacesConfig.cmake\n'}
[4.084752] (armos_interfaces) StdoutLine: {'line': b'-- Up-to-date: /home/krishnapranav/mj_manipulation/mujoco_manipulation/install/armos_interfaces/share/armos_interfaces/cmake/armos_interfacesConfig-version.cmake\n'}
[4.084780] (armos_interfaces) StdoutLine: {'line': b'-- Up-to-date: /home/krishnapranav/mj_manipulation/mujoco_manipulation/install/armos_interfaces/share/armos_interfaces/package.xml\n'}
[4.085982] (armos_interfaces) CommandEnded: {'returncode': 0}
[4.107611] (armos_interfaces) JobEnded: {'identifier': 'armos_interfaces', 'rc': 0}
[4.108783] (armos_control) JobStarted: {'identifier': 'armos_control'}
[4.111947] (-) TimerEvent: {}
[4.117272] (armos_control) JobProgress: {'identifier': 'armos_control', 'progress': 'cmake'}
[4.118034] (armos_control) JobProgress: {'identifier': 'armos_control', 'progress': 'build'}
[4.118526] (armos_control) Command: {'cmd': ['/usr/bin/cmake', '--build', '/home/krishnapranav/mj_manipulation/mujoco_manipulation/build/armos_control', '--', '-j12', '-l12'], 'cwd': '/home/krishnapranav/mj_manipulation/mujoco_manipulation/build/armos_control', 'env': OrderedDict([('GJS_DEBUG_TOPICS', 'JS ERROR;JS LOG'), ('LESSOPEN', '| /usr/bin/lesspipe %s'), ('GZ_SIM_RESOURCE_PATH', ':/home/krishnapranav/ur_ws/install/ur_description/share:/home/krishnapranav/cynlr_ws/install/robotiq_description/share/robotiq_description'), ('LANGUAGE', 'en_IN:en'), ('USER', 'krishnapranav'), ('XDG_SESSION_TYPE', 'wayland'), ('PIP_CACHE_DIR', '/media/krishnapranav/OS/linux'), ('SHLVL', '1'), ('LD_LIBRARY_PATH', '/home/krishnapranav/mj_manipulation/mujoco_manipulation/install/armos_interfaces/lib:/opt/ros/humble/opt/rviz_ogre_vendor/lib:/opt/ros/humble/lib/x86_64-linux-gnu:/opt/ros/humble/lib:/home/krishnapranav/microros_ws/install/micro_ros_agent/lib:/home/krishnapranav/microros_ws/install/micro_ros_msgs/lib'), ('VREP_ROOT', '/home/krishnapranav/krishnapranav/Downloads/VREP'), ('HOME', '/home/krishnapranav'), ('OLDPWD', '/home/krishnapranav'), ('DESKTOP_SESSION', 'ubuntu'), ('GIO_LAUNCHED_DESKTOP_FILE', '/usr/share/applications/terminator.desktop'), ('ROS_PYTHON_VERSION', '3'), ('GNOME_SHELL_SESSION_MODE', 'ubuntu'), ('GTK_MODULES', 'gail:atk-bridge'), ('PS1', '(armos) \\[\\e]0;\\u@\\h: \\w\\a\\]${debian_chroot:+($debian_chroot)}\\[\\033[01;32m\\]\\u@\\h\\[\\033[00m\\]:\\[\\033[01;34m\\]\\w\\[\\033[00m\\]\\$'), ('MANAGERPID', '1658'), ('SYSTEMD_EXEC_PID', '1828'), ('DBUS_SESSION_BUS_ADDRESS', 'unix:path=/run/user/1000/bus'), ('COLORTERM', 'truecolor'), ('TERMINATOR_DBUS_NAME', 'net.tenshu.Terminator25ef4b219e3b005583550f2b0f9f990c3'), ('GIO_LAUNCHED_DESKTOP_FILE_PID', '54086'), ('_colcon_cd_root', '/home/krishnapranav/ros2_ws'), ('PICO_TOOLCHAIN_PATH', '...'), ('IM_CONFIG_PHASE', '1'), ('WAYLAND_DISPLAY', 'wayland-0'), ('COLCON_PREFIX_PATH', '/home/krishnapranav/microros_ws/install'), ('ROS_DISTRO', 'humble'), ('LOGNAME', 'krishnapranav'), ('ONSHAPE_SECRET_KEY', 'gguRK886Jm7693iJla7c1dbItcYEpgizDTTNF2EMEzI116LA'), ('JOURNAL_STREAM', '8:19715'), ('_', '/usr/bin/colcon'), ('ROS_VERSION', '2'), ('XDG_SESSION_CLASS', 'user'), ('USERNAME', 'krishnapranav'), ('TERM', 'xterm-256color'), ('GAZEBO_MODEL_PATH', ':/home/krishnapranav/kpbot_ws/install/kpbot_description/share/kpbot_description/models'), ('GNOME_DESKTOP_SESSION_ID', 'this-is-deprecated'), ('ROS_LOCALHOST_ONLY', '0'), ('PATH', '/home/krishnapranav/.venvs/armos/bin:/opt/ros/humble/bin:/home/krishnapranav/.cargo/bin:/home/krishnapranav/.local/bin:/usr/local/sbin:/usr/local/bin:/usr/sbin:/usr/bin:/sbin:/bin:/usr/games:/usr/local/games:/snap/bin:/snap/bin:/home/krishnapranav/.platformio/penv/bin'), ('SESSION_MANAGER', 'local/krishnapranav-Inspiron-14-5430:@/tmp/.ICE-unix/1796,unix/krishnapranav-Inspiron-14-5430:/tmp/.ICE-unix/1796'), ('INVOCATION_ID', '2e31da0006024640992ab6ab791683f7'), ('XDG_MENU_PREFIX', 'gnome-'), ('GNOME_SETUP_DISPLAY', ':1'), ('XDG_RUNTIME_DIR', '/run/user/1000'), ('DISPLAY', ':0'), ('TERMINATOR_DBUS_PATH', '/net/tenshu/Terminator2'), ('LANG', 'en_US.UTF-8'), ('XDG_CURRENT_DESKTOP', 'ubuntu:GNOME'), ('IBUS_DISABLE_SNOOPER', '1'), ('VIRTUAL_ENV_PROMPT', '(armos)'), ('XMODIFIERS', '@im=ibus'), ('XDG_SESSION_DESKTOP', 'ubuntu'), ('XAUTHORITY', '/run/user/1000/.mutter-Xwaylandauth.ET2IU3'), ('LS_COLORS', 'rs=0:di=01;34:ln=01;36:mh=00:pi=40;33:so=01;35:do=01;35:bd=40;33;01:cd=40;33;01:or=40;31;01:mi=00:su=37;41:sg=30;43:ca=30;41:tw=30;42:ow=34;42:st=37;44:ex=01;32:*.tar=01;31:*.tgz=01;31:*.arc=01;31:*.arj=01;31:*.taz=01;31:*.lha=01;31:*.lz4=01;31:*.lzh=01;31:*.lzma=01;31:*.tlz=01;31:*.txz=01;31:*.tzo=01;31:*.t7z=01;31:*.zip=01;31:*.z=01;31:*.dz=01;31:*.gz=01;31:*.lrz=01;31:*.lz=01;31:*.lzo=01;31:*.xz=01;31:*.zst=01;31:*.tzst=01;31:*.bz2=01;31:*.bz=01;31:*.tbz=01;31:*.tbz2=01;31:*.tz=01;31:*.deb=01;31:*.rpm=01;31:*.jar=01;31:*.war=01;31:*.ear=01;31:*.sar=01;31:*.rar=01;31:*.alz=01;31:*.ace=01;31:*.zoo=01;31:*.cpio=01;31:*.7z=01;31:*.rz=01;31:*.cab=01;31:*.wim=01;31:*.swm=01;31:*.dwm=01;31:*.esd=01;31:*.jpg=01;35:*.jpeg=01;35:*.mjpg=01;35:*.mjpeg=01;35:*.gif=01;35:*.bmp=01;35:*.pbm=01;35:*.pgm=01;35:*.ppm=01;35:*.tga=01;35:*.xbm=01;35:*.xpm=01;35:*.tif=01;35:*.tiff=01;35:*.png=01;35:*.svg=01;35:*.svgz=01;35:*.mng=01;35:*.pcx=01;35:*.mov=01;35:*.mpg=01;35:*.mpeg=01;35:*.m2v=01;35:*.mkv=01;35:*.webm=01;35:*.webp=01;35:*.ogm=01;35:*.mp4=01;35:*.m4v=01;35:*.mp4v=01;35:*.vob=01;35:*.qt=01;35:*.nuv=01;35:*.wmv=01;35:*.asf=01;35:*.rm=01;35:*.rmvb=01;35:*.flc=01;35:*.avi=01;35:*.fli=01;35:*.flv=01;35:*.gl=01;35:*.dl=01;35:*.xcf=01;35:*.xwd=01;35:*.yuv=01;35:*.cgm=01;35:*.emf=01;35:*.ogv=01;35:*.ogx=01;35:*.aac=00;36:*.au=00;36:*.flac=00;36:*.m4a=00;36:*.mid=00;36:*.midi=00;36:*.mka=00;36:*.mp3=00;36:*.mpc=00;36:*.ogg=00;36:*.ra=00;36:*.wav=00;36:*.oga=00;36:*.opus=00;36:*.spx=00;36:*.xspf=00;36:'), ('SSH_AGENT_LAUNCHER', 'gnome-keyring'), ('SSH_AUTH_SOCK', '/run/user/1000/keyring/ssh'), ('AMENT_PREFIX_PATH', '/home/krishnapranav/mj_manipulation/mujoco_manipulation/install/armos_interfaces:/opt/ros/humble:/home/krishnapranav/microros_ws/install/micro_ros_setup:/home/krishnapranav/microros_ws/install/micro_ros_agent:/home/krishnapranav/microros_ws/install/micro_ros_msgs'), ('SHELL', '/bin/bash'), ('TERMINATOR_UUID', 'urn:uuid:35803ab5-c4e0-4336-a964-3679977900bd'), ('QT_ACCESSIBILITY', '1'), ('GDMSESSION', 'ubuntu'), ('LESSCLOSE', '/usr/bin/lesspipe %s %s'), ('GJS_DEBUG_OUTPUT', 'stderr'), ('VIRTUAL_ENV', '/home/krishnapranav/.venvs/armos'), ('QT_IM_MODULE', 'ibus'), ('PWD', '/home/krishnapranav/mj_manipulation/mujoco_manipulation/build/armos_control'), ('LC_ALL', 'en_US.UTF-8'), ('XDG_CONFIG_DIRS', '/etc/xdg/xdg-ubuntu:/etc/xdg'), ('ONSHAPE_ACCESS_KEY', 'on_J81I0YADaUIUwrnDKCQi1'), ('PICO_SDK_PATH', '/home/krishnapranav/micro_ros_ws/src/pico-sdk'), ('XDG_DATA_DIRS', '/usr/share/ubuntu:/usr/local/share/:/usr/share/:/var/lib/snapd/desktop'), ('PYTHONPATH', '/home/krishnapranav/mj_manipulation/mujoco_manipulation/install/armos_interfaces/lib/python3.10/site-packages:/opt/ros/humble/lib/python3.10/site-packages:/opt/ros/humble/local/lib/python3.10/dist-packages:/home/krishnapranav/microros_ws/install/micro_ros_msgs/lib/python3.10/site-packages'), ('ONSHAPE_API', 'https://cad.onshape.com'), ('COLCON', '1'), ('VTE_VERSION', '6800'), ('CMAKE_PREFIX_PATH', '/home/krishnapranav/mj_manipulation/mujoco_manipulation/install/armos_interfaces:/home/krishnapranav/microros_ws/install/micro_ros_setup:/home/krishnapranav/microros_ws/install/micro_ros_agent:/home/krishnapranav/microros_ws/install/micro_ros_msgs:/opt/ros/humble'), ('GOOGLE_API_KEY', 'AIzaSyCgCj2XslZGJhBl_LuqTDoh6JdSHjKyM2E')]), 'shell': False}
[4.135242] (armos_control) StdoutLine: {'line': b'-- Found ament_cmake: 1.3.11 (/opt/ros/humble/share/ament_cmake/cmake)\n'}
[4.212134] (-) TimerEvent: {}
[4.312512] (-) TimerEvent: {}
[4.334568] (armos_control) StdoutLine: {'line': b'-- Configuring done\n'}
[4.337882] (armos_control) StdoutLine: {'line': b'-- Generating done\n'}
[4.340374] (armos_control) StdoutLine: {'line': b'-- Build files have been written to: /home/krishnapranav/mj_manipulation/mujoco_manipulation/build/armos_control\n'}
[4.352144] (armos_control) CommandEnded: {'returncode': 0}
[4.353138] (armos_control) JobProgress: {'identifier': 'armos_control', 'progress': 'install'}
[4.353392] (armos_control) Command: {'cmd': ['/usr/bin/cmake', '--install', '/home/krishnapranav/mj_manipulation/mujoco_manipulation/build/armos_control'], 'cwd': '/home/krishnapranav/mj_manipulation/mujoco_manipulation/build/armos_control', 'env': OrderedDict([('GJS_DEBUG_TOPICS', 'JS ERROR;JS LOG'), ('LESSOPEN', '| /usr/bin/lesspipe %s'), ('GZ_SIM_RESOURCE_PATH', ':/home/krishnapranav/ur_ws/install/ur_description/share:/home/krishnapranav/cynlr_ws/install/robotiq_description/share/robotiq_description'), ('LANGUAGE', 'en_IN:en'), ('USER', 'krishnapranav'), ('XDG_SESSION_TYPE', 'wayland'), ('PIP_CACHE_DIR', '/media/krishnapranav/OS/linux'), ('SHLVL', '1'), ('LD_LIBRARY_PATH', '/home/krishnapranav/mj_manipulation/mujoco_manipulation/install/armos_interfaces/lib:/opt/ros/humble/opt/rviz_ogre_vendor/lib:/opt/ros/humble/lib/x86_64-linux-gnu:/opt/ros/humble/lib:/home/krishnapranav/microros_ws/install/micro_ros_agent/lib:/home/krishnapranav/microros_ws/install/micro_ros_msgs/lib'), ('VREP_ROOT', '/home/krishnapranav/krishnapranav/Downloads/VREP'), ('HOME', '/home/krishnapranav'), ('OLDPWD', '/home/krishnapranav'), ('DESKTOP_SESSION', 'ubuntu'), ('GIO_LAUNCHED_DESKTOP_FILE', '/usr/share/applications/terminator.desktop'), ('ROS_PYTHON_VERSION', '3'), ('GNOME_SHELL_SESSION_MODE', 'ubuntu'), ('GTK_MODULES', 'gail:atk-bridge'), ('PS1', '(armos) \\[\\e]0;\\u@\\h: \\w\\a\\]${debian_chroot:+($debian_chroot)}\\[\\033[01;32m\\]\\u@\\h\\[\\033[00m\\]:\\[\\033[01;34m\\]\\w\\[\\033[00m\\]\\$'), ('MANAGERPID', '1658'), ('SYSTEMD_EXEC_PID', '1828'), ('DBUS_SESSION_BUS_ADDRESS', 'unix:path=/run/user/1000/bus'), ('COLORTERM', 'truecolor'), ('TERMINATOR_DBUS_NAME', 'net.tenshu.Terminator25ef4b219e3b005583550f2b0f9f990c3'), ('GIO_LAUNCHED_DESKTOP_FILE_PID', '54086'), ('_colcon_cd_root', '/home/krishnapranav/ros2_ws'), ('PICO_TOOLCHAIN_PATH', '...'), ('IM_CONFIG_PHASE', '1'), ('WAYLAND_DISPLAY', 'wayland-0'), ('COLCON_PREFIX_PATH', '/home/krishnapranav/microros_ws/install'), ('ROS_DISTRO', 'humble'), ('LOGNAME', 'krishnapranav'), ('ONSHAPE_SECRET_KEY', 'gguRK886Jm7693iJla7c1dbItcYEpgizDTTNF2EMEzI116LA'), ('JOURNAL_STREAM', '8:19715'), ('_', '/usr/bin/colcon'), ('ROS_VERSION', '2'), ('XDG_SESSION_CLASS', 'user'), ('USERNAME', 'krishnapranav'), ('TERM', 'xterm-256color'), ('GAZEBO_MODEL_PATH', ':/home/krishnapranav/kpbot_ws/install/kpbot_description/share/kpbot_description/models'), ('GNOME_DESKTOP_SESSION_ID', 'this-is-deprecated'), ('ROS_LOCALHOST_ONLY', '0'), ('PATH', '/home/krishnapranav/.venvs/armos/bin:/opt/ros/humble/bin:/home/krishnapranav/.cargo/bin:/home/krishnapranav/.local/bin:/usr/local/sbin:/usr/local/bin:/usr/sbin:/usr/bin:/sbin:/bin:/usr/games:/usr/local/games:/snap/bin:/snap/bin:/home/krishnapranav/.platformio/penv/bin'), ('SESSION_MANAGER', 'local/krishnapranav-Inspiron-14-5430:@/tmp/.ICE-unix/1796,unix/krishnapranav-Inspiron-14-5430:/tmp/.ICE-unix/1796'), ('INVOCATION_ID', '2e31da0006024640992ab6ab791683f7'), ('XDG_MENU_PREFIX', 'gnome-'), ('GNOME_SETUP_DISPLAY', ':1'), ('XDG_RUNTIME_DIR', '/run/user/1000'), ('DISPLAY', ':0'), ('TERMINATOR_DBUS_PATH', '/net/tenshu/Terminator2'), ('LANG', 'en_US.UTF-8'), ('XDG_CURRENT_DESKTOP', 'ubuntu:GNOME'), ('IBUS_DISABLE_SNOOPER', '1'), ('VIRTUAL_ENV_PROMPT', '(armos)'), ('XMODIFIERS', '@im=ibus'), ('XDG_SESSION_DESKTOP', 'ubuntu'), ('XAUTHORITY', '/run/user/1000/.mutter-Xwaylandauth.ET2IU3'), ('LS_COLORS', 'rs=0:di=01;34:ln=01;36:mh=00:pi=40;33:so=01;35:do=01;35:bd=40;33;01:cd=40;33;01:or=40;31;01:mi=00:su=37;41:sg=30;43:ca=30;41:tw=30;42:ow=34;42:st=37;44:ex=01;32:*.tar=01;31:*.tgz=01;31:*.arc=01;31:*.arj=01;31:*.taz=01;31:*.lha=01;31:*.lz4=01;31:*.lzh=01;31:*.lzma=01;31:*.tlz=01;31:*.txz=01;31:*.tzo=01;31:*.t7z=01;31:*.zip=01;31:*.z=01;31:*.dz=01;31:*.gz=01;31:*.lrz=01;31:*.lz=01;31:*.lzo=01;31:*.xz=01;31:*.zst=01;31:*.tzst=01;31:*.bz2=01;31:*.bz=01;31:*.tbz=01;31:*.tbz2=01;31:*.tz=01;31:*.deb=01;31:*.rpm=01;31:*.jar=01;31:*.war=01;31:*.ear=01;31:*.sar=01;31:*.rar=01;31:*.alz=01;31:*.ace=01;31:*.zoo=01;31:*.cpio=01;31:*.7z=01;31:*.rz=01;31:*.cab=01;31:*.wim=01;31:*.swm=01;31:*.dwm=01;31:*.esd=01;31:*.jpg=01;35:*.jpeg=01;35:*.mjpg=01;35:*.mjpeg=01;35:*.gif=01;35:*.bmp=01;35:*.pbm=01;35:*.pgm=01;35:*.ppm=01;35:*.tga=01;35:*.xbm=01;35:*.xpm=01;35:*.tif=01;35:*.tiff=01;35:*.png=01;35:*.svg=01;35:*.svgz=01;35:*.mng=01;35:*.pcx=01;35:*.mov=01;35:*.mpg=01;35:*.mpeg=01;35:*.m2v=01;35:*.mkv=01;35:*.webm=01;35:*.webp=01;35:*.ogm=01;35:*.mp4=01;35:*.m4v=01;35:*.mp4v=01;35:*.vob=01;35:*.qt=01;35:*.nuv=01;35:*.wmv=01;35:*.asf=01;35:*.rm=01;35:*.rmvb=01;35:*.flc=01;35:*.avi=01;35:*.fli=01;35:*.flv=01;35:*.gl=01;35:*.dl=01;35:*.xcf=01;35:*.xwd=01;35:*.yuv=01;35:*.cgm=01;35:*.emf=01;35:*.ogv=01;35:*.ogx=01;35:*.aac=00;36:*.au=00;36:*.flac=00;36:*.m4a=00;36:*.mid=00;36:*.midi=00;36:*.mka=00;36:*.mp3=00;36:*.mpc=00;36:*.ogg=00;36:*.ra=00;36:*.wav=00;36:*.oga=00;36:*.opus=00;36:*.spx=00;36:*.xspf=00;36:'), ('SSH_AGENT_LAUNCHER', 'gnome-keyring'), ('SSH_AUTH_SOCK', '/run/user/1000/keyring/ssh'), ('AMENT_PREFIX_PATH', '/home/krishnapranav/mj_manipulation/mujoco_manipulation/install/armos_interfaces:/opt/ros/humble:/home/krishnapranav/microros_ws/install/micro_ros_setup:/home/krishnapranav/microros_ws/install/micro_ros_agent:/home/krishnapranav/microros_ws/install/micro_ros_msgs'), ('SHELL', '/bin/bash'), ('TERMINATOR_UUID', 'urn:uuid:35803ab5-c4e0-4336-a964-3679977900bd'), ('QT_ACCESSIBILITY', '1'), ('GDMSESSION', 'ubuntu'), ('LESSCLOSE', '/usr/bin/lesspipe %s %s'), ('GJS_DEBUG_OUTPUT', 'stderr'), ('VIRTUAL_ENV', '/home/krishnapranav/.venvs/armos'), ('QT_IM_MODULE', 'ibus'), ('PWD', '/home/krishnapranav/mj_manipulation/mujoco_manipulation/build/armos_control'), ('LC_ALL', 'en_US.UTF-8'), ('XDG_CONFIG_DIRS', '/etc/xdg/xdg-ubuntu:/etc/xdg'), ('ONSHAPE_ACCESS_KEY', 'on_J81I0YADaUIUwrnDKCQi1'), ('PICO_SDK_PATH', '/home/krishnapranav/micro_ros_ws/src/pico-sdk'), ('XDG_DATA_DIRS', '/usr/share/ubuntu:/usr/local/share/:/usr/share/:/var/lib/snapd/desktop'), ('PYTHONPATH', '/home/krishnapranav/mj_manipulation/mujoco_manipulation/install/armos_interfaces/lib/python3.10/site-packages:/opt/ros/humble/lib/python3.10/site-packages:/opt/ros/humble/local/lib/python3.10/dist-packages:/home/krishnapranav/microros_ws/install/micro_ros_msgs/lib/python3.10/site-packages'), ('ONSHAPE_API', 'https://cad.onshape.com'), ('COLCON', '1'), ('VTE_VERSION', '6800'), ('CMAKE_PREFIX_PATH', '/home/krishnapranav/mj_manipulation/mujoco_manipulation/install/armos_interfaces:/home/krishnapranav/microros_ws/install/micro_ros_setup:/home/krishnapranav/microros_ws/install/micro_ros_agent:/home/krishnapranav/microros_ws/install/micro_ros_msgs:/opt/ros/humble'), ('GOOGLE_API_KEY', 'AIzaSyCgCj2XslZGJhBl_LuqTDoh6JdSHjKyM2E')]), 'shell': False}
[4.358228] (armos_control) StdoutLine: {'line': b'-- Install configuration: ""\n'}
[4.358596] (armos_control) StdoutLine: {'line': b'-- Installing: /home/krishnapranav/mj_manipulation/mujoco_manipulation/install/armos_control/lib/armos_control/armos_ros_sim.py\n'}
[4.358955] (armos_control) StdoutLine: {'line': b'-- Up-to-date: /home/krishnapranav/mj_manipulation/mujoco_manipulation/install/armos_control/share/armos_control/config\n'}
[4.359118] (armos_control) StdoutLine: {'line': b'-- Up-to-date: /home/krishnapranav/mj_manipulation/mujoco_manipulation/install/armos_control/share/armos_control/config/franka.yaml\n'}
[4.359220] (armos_control) StdoutLine: {'line': b'-- Up-to-date: /home/krishnapranav/mj_manipulation/mujoco_manipulation/install/armos_control/share/armos_control/config/duman.yaml\n'}
[4.359372] (armos_control) StdoutLine: {'line': b'-- Up-to-date: /home/krishnapranav/mj_manipulation/mujoco_manipulation/install/armos_control/share/armos_control/config/dual_franka.yaml\n'}
[4.359490] (armos_control) StdoutLine: {'line': b'-- Up-to-date: /home/krishnapranav/mj_manipulation/mujoco_manipulation/install/armos_control/share/ament_index/resource_index/package_run_dependencies/armos_control\n'}
[4.359632] (armos_control) StdoutLine: {'line': b'-- Installing: /home/krishnapranav/mj_manipulation/mujoco_manipulation/install/armos_control/share/ament_index/resource_index/parent_prefix_path/armos_control\n'}
[4.359729] (armos_control) StdoutLine: {'line': b'-- Up-to-date: /home/krishnapranav/mj_manipulation/mujoco_manipulation/install/armos_control/share/armos_control/environment/ament_prefix_path.sh\n'}
[4.359821] (armos_control) StdoutLine: {'line': b'-- Installing: /home/krishnapranav/mj_manipulation/mujoco_manipulation/install/armos_control/share/armos_control/environment/ament_prefix_path.dsv\n'}
[4.359954] (armos_control) StdoutLine: {'line': b'-- Up-to-date: /home/krishnapranav/mj_manipulation/mujoco_manipulation/install/armos_control/share/armos_control/environment/path.sh\n'}
[4.360065] (armos_control) StdoutLine: {'line': b'-- Installing: /home/krishnapranav/mj_manipulation/mujoco_manipulation/install/armos_control/share/armos_control/environment/path.dsv\n'}
[4.360159] (armos_control) StdoutLine: {'line': b'-- Up-to-date: /home/krishnapranav/mj_manipulation/mujoco_manipulation/install/armos_control/share/armos_control/local_setup.bash\n'}
[4.360267] (armos_control) StdoutLine: {'line': b'-- Up-to-date: /home/krishnapranav/mj_manipulation/mujoco_manipulation/install/armos_control/share/armos_control/local_setup.sh\n'}
[4.360363] (armos_control) StdoutLine: {'line': b'-- Up-to-date: /home/krishnapranav/mj_manipulation/mujoco_manipulation/install/armos_control/share/armos_control/local_setup.zsh\n'}
[4.360474] (armos_control) StdoutLine: {'line': b'-- Installing: /home/krishnapranav/mj_manipulation/mujoco_manipulation/install/armos_control/share/armos_control/local_setup.dsv\n'}
[4.360596] (armos_control) StdoutLine: {'line': b'-- Installing: /home/krishnapranav/mj_manipulation/mujoco_manipulation/install/armos_control/share/armos_control/package.dsv\n'}
[4.360695] (armos_control) StdoutLine: {'line': b'-- Up-to-date: /home/krishnapranav/mj_manipulation/mujoco_manipulation/install/armos_control/share/ament_index/resource_index/packages/armos_control\n'}
[4.360786] (armos_control) StdoutLine: {'line': b'-- Up-to-date: /home/krishnapranav/mj_manipulation/mujoco_manipulation/install/armos_control/share/armos_control/cmake/armos_controlConfig.cmake\n'}
[4.360878] (armos_control) StdoutLine: {'line': b'-- Up-to-date: /home/krishnapranav/mj_manipulation/mujoco_manipulation/install/armos_control/share/armos_control/cmake/armos_controlConfig-version.cmake\n'}
[4.360983] (armos_control) StdoutLine: {'line': b'-- Installing: /home/krishnapranav/mj_manipulation/mujoco_manipulation/install/armos_control/share/armos_control/package.xml\n'}
[4.362535] (armos_control) CommandEnded: {'returncode': 0}
[4.375642] (armos_control) JobEnded: {'identifier': 'armos_control', 'rc': 0}
[4.376490] (-) EventReactorShutdown: {}
