[0.000000] (-) TimerEvent: {}
[0.002503] (armos_interfaces) JobQueued: {'identifier': 'armos_interfaces', 'dependencies': OrderedDict()}
[0.002623] (armos_control) JobQueued: {'identifier': 'armos_control', 'dependencies': OrderedDict([('armos_interfaces', '/home/krishnapranav/mj_manipulation/mujoco_manipulation/install/armos_interfaces')])}
[0.002708] (armos_interfaces) JobStarted: {'identifier': 'armos_interfaces'}
[0.034584] (armos_interfaces) JobProgress: {'identifier': 'armos_interfaces', 'progress': 'cmake'}
[0.040176] (armos_interfaces) JobProgress: {'identifier': 'armos_interfaces', 'progress': 'build'}
[0.040369] (armos_interfaces) Command: {'cmd': ['/usr/bin/cmake', '--build', '/home/krishnapranav/mj_manipulation/mujoco_manipulation/build/armos_interfaces', '--', '-j12', '-l12'], 'cwd': '/home/krishnapranav/mj_manipulation/mujoco_manipulation/build/armos_interfaces', 'env': OrderedDict([('GJS_DEBUG_TOPICS', 'JS ERROR;JS LOG'), ('PYTHON_BASIC_REPL', '1'), ('LESSOPEN', '| /usr/bin/lesspipe %s'), ('GZ_SIM_RESOURCE_PATH', ':/home/krishnapranav/ur_ws/install/ur_description/share:/home/krishnapranav/cynlr_ws/install/robotiq_description/share/robotiq_description:/home/krishnapranav/ur_ws/install/ur_description/share:/home/krishnapranav/cynlr_ws/install/robotiq_description/share/robotiq_description'), ('AI_AGENT', 'github_copilot_vscode_agent'), ('LANGUAGE', 'en_IN:en'), ('USER', 'krishnapranav'), ('FONTCONFIG_PATH', '/etc/fonts'), ('GIT_EDITOR', ':'), ('GIO_MODULE_DIR', '/home/krishnapranav/snap/code/common/.cache/gio-modules'), ('XDG_SESSION_TYPE', 'wayland'), ('GIT_ASKPASS', '/snap/code/258/usr/share/code/resources/app/extensions/git/dist/askpass.sh'), ('PIP_CACHE_DIR', '/media/krishnapranav/OS/linux'), ('GTK_EXE_PREFIX_VSCODE_SNAP_ORIG', ''), ('GDK_BACKEND_VSCODE_SNAP_ORIG', ''), ('SHLVL', '2'), ('LD_LIBRARY_PATH', '/home/krishnapranav/mj_manipulation/install/armos_interfaces/lib:/opt/ros/humble/opt/rviz_ogre_vendor/lib:/opt/ros/humble/lib/x86_64-linux-gnu:/opt/ros/humble/lib:/home/krishnapranav/microros_ws/install/micro_ros_agent/lib:/home/krishnapranav/microros_ws/install/micro_ros_msgs/lib'), ('COPILOT_AGENT', '1'), ('VREP_ROOT', '/home/krishnapranav/krishnapranav/Downloads/VREP'), ('HOME', '/home/krishnapranav'), ('CHROME_DESKTOP', 'code.desktop'), ('LOCPATH_VSCODE_SNAP_ORIG', ''), ('OLDPWD', '/home/krishnapranav/mj_manipulation'), ('TERM_PROGRAM_VERSION', '1.134.0'), ('DESKTOP_SESSION', 'ubuntu'), ('GTK_PATH', '/snap/code/258/usr/lib/x86_64-linux-gnu/gtk-3.0'), ('XDG_DATA_HOME_VSCODE_SNAP_ORIG', ''), ('GTK_IM_MODULE_FILE', '/home/krishnapranav/snap/code/common/.cache/immodules/immodules.cache'), ('GIO_LAUNCHED_DESKTOP_FILE', '/usr/share/applications/terminator.desktop'), ('ROS_PYTHON_VERSION', '3'), ('GNOME_SHELL_SESSION_MODE', 'ubuntu'), ('GTK_MODULES', 'gail:atk-bridge'), ('GSETTINGS_SCHEMA_DIR_VSCODE_SNAP_ORIG', ''), ('VSCODE_GIT_ASKPASS_MAIN', '/snap/code/258/usr/share/code/resources/app/extensions/git/dist/askpass-main.js'), ('PS1', '\\[\x1b]633;A\x07\\](armos) \\[\\e]0;\\u@\\h: \\w\\a\\]${debian_chroot:+($debian_chroot)}\\[\\033[01;32m\\]\\u@\\h\\[\\033[00m\\]:\\[\\033[01;34m\\]\\w\\[\\033[00m\\]\\$ \\[\x1b]633;B\x07\\]'), ('VSCODE_GIT_ASKPASS_NODE', '/snap/code/258/usr/share/code/code'), ('MANAGERPID', '1658'), ('PYDEVD_DISABLE_FILE_VALIDATION', '1'), ('SYSTEMD_EXEC_PID', '1828'), ('BUNDLED_DEBUGPY_PATH', '/home/krishnapranav/.vscode/extensions/ms-python.debugpy-2026.6.0-linux-x64/bundled/libs/debugpy'), ('VSCODE_PYTHON_AUTOACTIVATE_GUARD', '1'), ('DBUS_SESSION_BUS_ADDRESS', 'unix:path=/run/user/1000/bus'), ('COLORTERM', 'truecolor'), ('TERMINATOR_DBUS_NAME', 'net.tenshu.Terminator25ef4b219e3b005583550f2b0f9f990c3'), ('GIO_LAUNCHED_DESKTOP_FILE_PID', '54086'), ('_colcon_cd_root', '/home/krishnapranav/ros2_ws'), ('PICO_TOOLCHAIN_PATH', '...'), ('IM_CONFIG_PHASE', '1'), ('WAYLAND_DISPLAY', 'wayland-0'), ('COLCON_PREFIX_PATH', '/home/krishnapranav/microros_ws/install:/home/krishnapranav/mj_manipulation/install'), ('ROS_DISTRO', 'humble'), ('LOGNAME', 'krishnapranav'), ('ONSHAPE_SECRET_KEY', 'gguRK886Jm7693iJla7c1dbItcYEpgizDTTNF2EMEzI116LA'), ('JOURNAL_STREAM', '8:19715'), ('_', '/usr/bin/colcon'), ('ROS_VERSION', '2'), ('XDG_CONFIG_DIRS_VSCODE_SNAP_ORIG', '/etc/xdg/xdg-ubuntu:/etc/xdg'), ('XDG_SESSION_CLASS', 'user'), ('XDG_DATA_DIRS_VSCODE_SNAP_ORIG', '/usr/share/ubuntu:/usr/local/share/:/usr/share/:/var/lib/snapd/desktop'), ('USERNAME', 'krishnapranav'), ('TERM', 'xterm-256color'), ('GAZEBO_MODEL_PATH', ':/home/krishnapranav/kpbot_ws/install/kpbot_description/share/kpbot_description/models:/home/krishnapranav/kpbot_ws/install/kpbot_description/share/kpbot_description/models'), ('GNOME_DESKTOP_SESSION_ID', 'this-is-deprecated'), ('FC_FONTATIONS', '1'), ('ROS_LOCALHOST_ONLY', '0'), ('HISTCONTROL', 'ignorespace'), ('PATH', '/home/krishnapranav/.venvs/armos/bin:/home/krishnapranav/.config/Code/User/globalStorage/github.copilot-chat/debugCommand:/home/krishnapranav/.config/Code/User/globalStorage/github.copilot-chat/copilotCli:/home/krishnapranav/.venvs/armos/bin:/opt/ros/humble/bin:/home/krishnapranav/.cargo/bin:/home/krishnapranav/.local/bin:/usr/local/sbin:/usr/local/bin:/usr/sbin:/usr/bin:/sbin:/bin:/usr/games:/usr/local/games:/snap/bin:/snap/bin:/home/krishnapranav/.platformio/penv/bin:/home/krishnapranav/.vscode/extensions/ms-python.debugpy-2026.6.0-linux-x64/bundled/scripts/noConfigScripts:/home/krishnapranav/.platformio/penv/bin'), ('SESSION_MANAGER', 'local/krishnapranav-Inspiron-14-5430:@/tmp/.ICE-unix/1796,unix/krishnapranav-Inspiron-14-5430:/tmp/.ICE-unix/1796'), ('GTK_EXE_PREFIX', '/snap/code/258/usr'), ('INVOCATION_ID', '2e31da0006024640992ab6ab791683f7'), ('XDG_MENU_PREFIX', 'gnome-'), ('GNOME_SETUP_DISPLAY', ':1'), ('XDG_RUNTIME_DIR', '/run/user/1000'), ('GDK_BACKEND', 'x11'), ('DISPLAY', ':0'), ('LOCPATH', '/snap/code/258/usr/lib/locale'), ('VSCODE_DEBUGPY_ADAPTER_ENDPOINTS', '/home/krishnapranav/.vscode/extensions/ms-python.debugpy-2026.6.0-linux-x64/.noConfigDebugAdapterEndpoints/endpoint-8b635a662eb851b9.txt'), ('TERMINATOR_DBUS_PATH', '/net/tenshu/Terminator2'), ('LANG', 'en_US.UTF-8'), ('XDG_CURRENT_DESKTOP', 'ubuntu:GNOME'), ('PYTHONSTARTUP', '/home/krishnapranav/.config/Code/User/workspaceStorage/0765c8b469f4b5804df2f14b56cb7098/ms-python.python/pythonrc.py'), ('IBUS_DISABLE_SNOOPER', '1'), ('VIRTUAL_ENV_PROMPT', '(armos)'), ('GIO_MODULE_DIR_VSCODE_SNAP_ORIG', ''), ('XDG_DATA_HOME', '/home/krishnapranav/snap/code/258/.local/share'), ('XMODIFIERS', '@im=ibus'), ('XDG_SESSION_DESKTOP', 'ubuntu'), ('XAUTHORITY', '/run/user/1000/.mutter-Xwaylandauth.ET2IU3'), ('LS_COLORS', 'rs=0:di=01;34:ln=01;36:mh=00:pi=40;33:so=01;35:do=01;35:bd=40;33;01:cd=40;33;01:or=40;31;01:mi=00:su=37;41:sg=30;43:ca=30;41:tw=30;42:ow=34;42:st=37;44:ex=01;32:*.tar=01;31:*.tgz=01;31:*.arc=01;31:*.arj=01;31:*.taz=01;31:*.lha=01;31:*.lz4=01;31:*.lzh=01;31:*.lzma=01;31:*.tlz=01;31:*.txz=01;31:*.tzo=01;31:*.t7z=01;31:*.zip=01;31:*.z=01;31:*.dz=01;31:*.gz=01;31:*.lrz=01;31:*.lz=01;31:*.lzo=01;31:*.xz=01;31:*.zst=01;31:*.tzst=01;31:*.bz2=01;31:*.bz=01;31:*.tbz=01;31:*.tbz2=01;31:*.tz=01;31:*.deb=01;31:*.rpm=01;31:*.jar=01;31:*.war=01;31:*.ear=01;31:*.sar=01;31:*.rar=01;31:*.alz=01;31:*.ace=01;31:*.zoo=01;31:*.cpio=01;31:*.7z=01;31:*.rz=01;31:*.cab=01;31:*.wim=01;31:*.swm=01;31:*.dwm=01;31:*.esd=01;31:*.jpg=01;35:*.jpeg=01;35:*.mjpg=01;35:*.mjpeg=01;35:*.gif=01;35:*.bmp=01;35:*.pbm=01;35:*.pgm=01;35:*.ppm=01;35:*.tga=01;35:*.xbm=01;35:*.xpm=01;35:*.tif=01;35:*.tiff=01;35:*.png=01;35:*.svg=01;35:*.svgz=01;35:*.mng=01;35:*.pcx=01;35:*.mov=01;35:*.mpg=01;35:*.mpeg=01;35:*.m2v=01;35:*.mkv=01;35:*.webm=01;35:*.webp=01;35:*.ogm=01;35:*.mp4=01;35:*.m4v=01;35:*.mp4v=01;35:*.vob=01;35:*.qt=01;35:*.nuv=01;35:*.wmv=01;35:*.asf=01;35:*.rm=01;35:*.rmvb=01;35:*.flc=01;35:*.avi=01;35:*.fli=01;35:*.flv=01;35:*.gl=01;35:*.dl=01;35:*.xcf=01;35:*.xwd=01;35:*.yuv=01;35:*.cgm=01;35:*.emf=01;35:*.ogv=01;35:*.ogx=01;35:*.aac=00;36:*.au=00;36:*.flac=00;36:*.m4a=00;36:*.mid=00;36:*.midi=00;36:*.mka=00;36:*.mp3=00;36:*.mpc=00;36:*.ogg=00;36:*.ra=00;36:*.wav=00;36:*.oga=00;36:*.opus=00;36:*.spx=00;36:*.xspf=00;36:'), ('VSCODE_GIT_IPC_HANDLE', '/run/user/1000/vscode-git-54e92d9002.sock'), ('TERM_PROGRAM', 'vscode'), ('SSH_AGENT_LAUNCHER', 'gnome-keyring'), ('SSH_AUTH_SOCK', '/run/user/1000/keyring/ssh'), ('GSETTINGS_SCHEMA_DIR', '/home/krishnapranav/snap/code/258/.local/share/glib-2.0/schemas'), ('AMENT_PREFIX_PATH', '/home/krishnapranav/mj_manipulation/install/armos_interfaces:/home/krishnapranav/mj_manipulation/install/armos_control:/opt/ros/humble:/home/krishnapranav/microros_ws/install/micro_ros_setup:/home/krishnapranav/microros_ws/install/micro_ros_agent:/home/krishnapranav/microros_ws/install/micro_ros_msgs'), ('DEBIAN_FRONTEND', 'noninteractive'), ('SHELL', '/bin/bash'), ('TERMINATOR_UUID', 'urn:uuid:d922834f-a529-49d0-a45e-d21084021fe9'), ('QT_ACCESSIBILITY', '1'), ('GDMSESSION', 'ubuntu'), ('LESSCLOSE', '/usr/bin/lesspipe %s %s'), ('GTK_PATH_VSCODE_SNAP_ORIG', ''), ('FONTCONFIG_FILE', '/etc/fonts/fonts.conf'), ('GTK_IM_MODULE_FILE_VSCODE_SNAP_ORIG', ''), ('GJS_DEBUG_OUTPUT', 'stderr'), ('VIRTUAL_ENV', '/home/krishnapranav/.venvs/armos'), ('VSCODE_GIT_ASKPASS_EXTRA_ARGS', ''), ('GIT_PAGER', 'cat'), ('QT_IM_MODULE', 'ibus'), ('PWD', '/home/krishnapranav/mj_manipulation/mujoco_manipulation/build/armos_interfaces'), ('GIT_MERGE_AUTOEDIT', 'no'), ('LC_ALL', 'en_US.UTF-8'), ('XDG_CONFIG_DIRS', '/etc/xdg/xdg-ubuntu:/etc/xdg'), ('ONSHAPE_ACCESS_KEY', 'on_J81I0YADaUIUwrnDKCQi1'), ('COPILOT_DEBUG_NONCE', '7be03b1f8ebdc82ae7df0f3e0ce45116'), ('PICO_SDK_PATH', '/home/krishnapranav/micro_ros_ws/src/pico-sdk'), ('XDG_DATA_DIRS', '/home/krishnapranav/snap/code/258/.local/share:/home/krishnapranav/snap/code/258:/snap/code/258/usr/share:/usr/share/ubuntu:/usr/local/share/:/usr/share/:/var/lib/snapd/desktop'), ('PYTHONPATH', '/home/krishnapranav/mj_manipulation/install/armos_interfaces/local/lib/python3.10/dist-packages:/opt/ros/humble/lib/python3.10/site-packages:/opt/ros/humble/local/lib/python3.10/dist-packages:/home/krishnapranav/microros_ws/install/micro_ros_msgs/lib/python3.10/site-packages'), ('ONSHAPE_API', 'https://cad.onshape.com'), ('COLCON', '1'), ('VTE_VERSION', '6800'), ('CMAKE_PREFIX_PATH', '/home/krishnapranav/mj_manipulation/install/armos_interfaces:/home/krishnapranav/mj_manipulation/install/armos_control:/home/krishnapranav/microros_ws/install/micro_ros_setup:/home/krishnapranav/microros_ws/install/micro_ros_agent:/home/krishnapranav/microros_ws/install/micro_ros_msgs:/opt/ros/humble'), ('GOOGLE_API_KEY', 'AIzaSyCgCj2XslZGJhBl_LuqTDoh6JdSHjKyM2E')]), 'shell': False}
[0.101450] (-) TimerEvent: {}
[0.170881] (armos_interfaces) StdoutLine: {'line': b'-- Found ament_cmake: 1.3.11 (/opt/ros/humble/share/ament_cmake/cmake)\n'}
[0.201595] (-) TimerEvent: {}
[0.303805] (-) TimerEvent: {}
[0.404394] (-) TimerEvent: {}
[0.507821] (-) TimerEvent: {}
[0.608400] (-) TimerEvent: {}
[0.708987] (-) TimerEvent: {}
[0.760163] (armos_interfaces) StdoutLine: {'line': b'-- Found rosidl_default_generators: 1.2.0 (/opt/ros/humble/share/rosidl_default_generators/cmake)\n'}
[0.778486] (armos_interfaces) StdoutLine: {'line': b'-- Using all available rosidl_typesupport_c: rosidl_typesupport_fastrtps_c;rosidl_typesupport_introspection_c\n'}
[0.802309] (armos_interfaces) StdoutLine: {'line': b'-- Found rosidl_adapter: 3.1.6 (/opt/ros/humble/share/rosidl_adapter/cmake)\n'}
[0.809205] (-) TimerEvent: {}
[0.909859] (-) TimerEvent: {}
[0.992547] (armos_interfaces) StdoutLine: {'line': b'-- Using all available rosidl_typesupport_cpp: rosidl_typesupport_fastrtps_cpp;rosidl_typesupport_introspection_cpp\n'}
[1.010022] (-) TimerEvent: {}
[1.110768] (-) TimerEvent: {}
[1.211304] (-) TimerEvent: {}
[1.312279] (-) TimerEvent: {}
[1.414034] (-) TimerEvent: {}
[1.514958] (-) TimerEvent: {}
[1.615724] (-) TimerEvent: {}
[1.716482] (-) TimerEvent: {}
[1.818638] (-) TimerEvent: {}
[1.919332] (-) TimerEvent: {}
[2.020332] (-) TimerEvent: {}
[2.121502] (-) TimerEvent: {}
[2.128686] (armos_interfaces) StdoutLine: {'line': b'-- Found ament_cmake_ros: 0.10.0 (/opt/ros/humble/share/ament_cmake_ros/cmake)\n'}
[2.221714] (-) TimerEvent: {}
[2.324835] (-) TimerEvent: {}
[2.425647] (-) TimerEvent: {}
[2.526766] (-) TimerEvent: {}
[2.577826] (armos_interfaces) StdoutLine: {'line': b'-- Using all available rosidl_typesupport_c: rosidl_typesupport_fastrtps_c;rosidl_typesupport_introspection_c\n'}
[2.627531] (-) TimerEvent: {}
[2.728100] (-) TimerEvent: {}
[2.829089] (-) TimerEvent: {}
[2.930281] (-) TimerEvent: {}
[3.030847] (-) TimerEvent: {}
[3.131360] (-) TimerEvent: {}
[3.167545] (armos_interfaces) StdoutLine: {'line': b'-- Using all available rosidl_typesupport_cpp: rosidl_typesupport_fastrtps_cpp;rosidl_typesupport_introspection_cpp\n'}
[3.232793] (-) TimerEvent: {}
[3.270128] (armos_interfaces) StdoutLine: {'line': b'-- Found python_cmake_module: 0.10.0 (/opt/ros/humble/share/python_cmake_module/cmake)\n'}
[3.332933] (-) TimerEvent: {}
[3.366100] (armos_interfaces) StdoutLine: {'line': b'-- Using PYTHON_EXECUTABLE: /home/krishnapranav/.venvs/armos/bin/python3\n'}
[3.366586] (armos_interfaces) StdoutLine: {'line': b'-- Using PYTHON_INCLUDE_DIRS: /usr/include/python3.10\n'}
[3.366798] (armos_interfaces) StdoutLine: {'line': b'-- Using PYTHON_LIBRARIES: /usr/lib/x86_64-linux-gnu/libpython3.10.so\n'}
[3.433085] (-) TimerEvent: {}
[3.448004] (armos_interfaces) StdoutLine: {'line': b'-- Configuring done\n'}
[3.533896] (-) TimerEvent: {}
[3.572307] (armos_interfaces) StdoutLine: {'line': b'-- Generating done\n'}
[3.615521] (armos_interfaces) StdoutLine: {'line': b'-- Build files have been written to: /home/krishnapranav/mj_manipulation/mujoco_manipulation/build/armos_interfaces\n'}
[3.635890] (-) TimerEvent: {}
[3.670230] (armos_interfaces) StdoutLine: {'line': b'[  1%] \x1b[34m\x1b[1mGenerating C code for ROS interfaces\x1b[0m\n'}
[3.689230] (armos_interfaces) StdoutLine: {'line': b'[  3%] \x1b[34m\x1b[1mGenerating C++ code for ROS interfaces\x1b[0m\n'}
[3.709873] (armos_interfaces) StdoutLine: {'line': b'[  3%] Built target ament_cmake_python_copy_armos_interfaces\n'}
[3.736362] (-) TimerEvent: {}
[3.840789] (-) TimerEvent: {}
[3.941418] (-) TimerEvent: {}
[4.043431] (-) TimerEvent: {}
[4.144623] (-) TimerEvent: {}
[4.245365] (-) TimerEvent: {}
[4.345890] (-) TimerEvent: {}
[4.446417] (-) TimerEvent: {}
[4.547110] (-) TimerEvent: {}
[4.642007] (armos_interfaces) StdoutLine: {'line': b'running egg_info\n'}
[4.650098] (-) TimerEvent: {}
[4.752724] (-) TimerEvent: {}
[4.818466] (armos_interfaces) StdoutLine: {'line': b'writing armos_interfaces.egg-info/PKG-INFO\n'}
[4.820892] (armos_interfaces) StdoutLine: {'line': b'writing dependency_links to armos_interfaces.egg-info/dependency_links.txt\n'}
[4.822925] (armos_interfaces) StdoutLine: {'line': b'writing top-level names to armos_interfaces.egg-info/top_level.txt\n'}
[4.852860] (-) TimerEvent: {}
[4.953449] (-) TimerEvent: {}
[5.055149] (-) TimerEvent: {}
[5.157802] (-) TimerEvent: {}
[5.258821] (-) TimerEvent: {}
[5.273900] (armos_interfaces) StdoutLine: {'line': b'[  5%] \x1b[32mBuilding C object CMakeFiles/armos_interfaces__rosidl_generator_c.dir/rosidl_generator_c/armos_interfaces/msg/detail/armos_joint_control__functions.c.o\x1b[0m\n'}
[5.281350] (armos_interfaces) StdoutLine: {'line': b'[  7%] \x1b[32mBuilding C object CMakeFiles/armos_interfaces__rosidl_generator_c.dir/rosidl_generator_c/armos_interfaces/msg/detail/armos_telemetry__functions.c.o\x1b[0m\n'}
[5.281802] (armos_interfaces) StdoutLine: {'line': b'[  7%] Built target armos_interfaces__cpp\n'}
[5.283442] (armos_interfaces) StdoutLine: {'line': b'[  9%] \x1b[32mBuilding C object CMakeFiles/armos_interfaces__rosidl_generator_c.dir/rosidl_generator_c/armos_interfaces/msg/detail/armos_cart_control__functions.c.o\x1b[0m\n'}
[5.285214] (armos_interfaces) StdoutLine: {'line': b'[ 10%] \x1b[32mBuilding C object CMakeFiles/armos_interfaces__rosidl_generator_c.dir/rosidl_generator_c/armos_interfaces/srv/detail/armos_set_gripper__functions.c.o\x1b[0m\n'}
[5.289529] (armos_interfaces) StdoutLine: {'line': b"reading manifest file 'armos_interfaces.egg-info/SOURCES.txt'\n"}
[5.302767] (armos_interfaces) StdoutLine: {'line': b'[ 12%] \x1b[34m\x1b[1mGenerating C++ type support dispatch for ROS interfaces\x1b[0m\n'}
[5.305976] (armos_interfaces) StdoutLine: {'line': b'[ 14%] \x1b[34m\x1b[1mGenerating C++ introspection for ROS interfaces\x1b[0m\n'}
[5.322170] (armos_interfaces) StdoutLine: {'line': b'[ 16%] \x1b[34m\x1b[1mGenerating C++ type support for eProsima Fast-RTPS\x1b[0m\n'}
[5.329168] (armos_interfaces) StdoutLine: {'line': b"writing manifest file 'armos_interfaces.egg-info/SOURCES.txt'\n"}
[5.362833] (-) TimerEvent: {}
[5.463459] (-) TimerEvent: {}
[5.541335] (armos_interfaces) StdoutLine: {'line': b'[ 16%] Built target ament_cmake_python_build_armos_interfaces_egg\n'}
[5.563643] (-) TimerEvent: {}
[5.658847] (armos_interfaces) StdoutLine: {'line': b'[ 18%] \x1b[32m\x1b[1mLinking C shared library libarmos_interfaces__rosidl_generator_c.so\x1b[0m\n'}
[5.663804] (-) TimerEvent: {}
[5.761895] (armos_interfaces) StdoutLine: {'line': b'[ 18%] Built target armos_interfaces__rosidl_generator_c\n'}
[5.763918] (-) TimerEvent: {}
[5.791396] (armos_interfaces) StdoutLine: {'line': b'[ 20%] \x1b[34m\x1b[1mGenerating C introspection for ROS interfaces\x1b[0m\n'}
[5.813393] (armos_interfaces) StdoutLine: {'line': b'[ 21%] \x1b[34m\x1b[1mGenerating C type support dispatch for ROS interfaces\x1b[0m\n'}
[5.814180] (armos_interfaces) StdoutLine: {'line': b'[ 23%] \x1b[34m\x1b[1mGenerating C type support for eProsima Fast-RTPS\x1b[0m\n'}
[5.864063] (-) TimerEvent: {}
[5.966776] (-) TimerEvent: {}
[6.067281] (-) TimerEvent: {}
[6.167792] (-) TimerEvent: {}
[6.268323] (-) TimerEvent: {}
[6.374983] (-) TimerEvent: {}
[6.460275] (armos_interfaces) StdoutLine: {'line': b'[ 25%] \x1b[32mBuilding CXX object CMakeFiles/armos_interfaces__rosidl_typesupport_cpp.dir/rosidl_typesupport_cpp/armos_interfaces/msg/armos_telemetry__type_support.cpp.o\x1b[0m\n'}
[6.475150] (-) TimerEvent: {}
[6.480292] (armos_interfaces) StdoutLine: {'line': b'[ 27%] \x1b[32mBuilding CXX object CMakeFiles/armos_interfaces__rosidl_typesupport_cpp.dir/rosidl_typesupport_cpp/armos_interfaces/msg/armos_joint_control__type_support.cpp.o\x1b[0m\n'}
[6.490038] (armos_interfaces) StdoutLine: {'line': b'[ 29%] \x1b[32mBuilding CXX object CMakeFiles/armos_interfaces__rosidl_typesupport_cpp.dir/rosidl_typesupport_cpp/armos_interfaces/msg/armos_cart_control__type_support.cpp.o\x1b[0m\n'}
[6.507184] (armos_interfaces) StdoutLine: {'line': b'[ 30%] \x1b[32mBuilding CXX object CMakeFiles/armos_interfaces__rosidl_typesupport_cpp.dir/rosidl_typesupport_cpp/armos_interfaces/srv/armos_set_gripper__type_support.cpp.o\x1b[0m\n'}
[6.575337] (-) TimerEvent: {}
[6.685319] (-) TimerEvent: {}
[6.785955] (-) TimerEvent: {}
[6.891834] (-) TimerEvent: {}
[6.946954] (armos_interfaces) StdoutLine: {'line': b'[ 32%] \x1b[32mBuilding CXX object CMakeFiles/armos_interfaces__rosidl_typesupport_fastrtps_cpp.dir/rosidl_typesupport_fastrtps_cpp/armos_interfaces/msg/detail/dds_fastrtps/armos_telemetry__type_support.cpp.o\x1b[0m\n'}
[6.947707] (armos_interfaces) StdoutLine: {'line': b'[ 34%] \x1b[32mBuilding CXX object CMakeFiles/armos_interfaces__rosidl_typesupport_fastrtps_cpp.dir/rosidl_typesupport_fastrtps_cpp/armos_interfaces/msg/detail/dds_fastrtps/armos_joint_control__type_support.cpp.o\x1b[0m\n'}
[6.948117] (armos_interfaces) StdoutLine: {'line': b'[ 36%] \x1b[32mBuilding CXX object CMakeFiles/armos_interfaces__rosidl_typesupport_fastrtps_cpp.dir/rosidl_typesupport_fastrtps_cpp/armos_interfaces/msg/detail/dds_fastrtps/armos_cart_control__type_support.cpp.o\x1b[0m\n'}
[6.955812] (armos_interfaces) StdoutLine: {'line': b'[ 38%] \x1b[32mBuilding CXX object CMakeFiles/armos_interfaces__rosidl_typesupport_fastrtps_cpp.dir/rosidl_typesupport_fastrtps_cpp/armos_interfaces/srv/detail/dds_fastrtps/armos_set_gripper__type_support.cpp.o\x1b[0m\n'}
[6.994808] (-) TimerEvent: {}
[7.073879] (armos_interfaces) StdoutLine: {'line': b'[ 40%] \x1b[32mBuilding CXX object CMakeFiles/armos_interfaces__rosidl_typesupport_c.dir/rosidl_typesupport_c/armos_interfaces/msg/armos_telemetry__type_support.cpp.o\x1b[0m\n'}
[7.094970] (-) TimerEvent: {}
[7.196216] (-) TimerEvent: {}
[7.212820] (armos_interfaces) StdoutLine: {'line': b'[ 41%] \x1b[32mBuilding CXX object CMakeFiles/armos_interfaces__rosidl_typesupport_c.dir/rosidl_typesupport_c/armos_interfaces/msg/armos_joint_control__type_support.cpp.o\x1b[0m\n'}
[7.300092] (-) TimerEvent: {}
[7.317473] (armos_interfaces) StdoutLine: {'line': b'[ 43%] \x1b[32mBuilding CXX object CMakeFiles/armos_interfaces__rosidl_typesupport_c.dir/rosidl_typesupport_c/armos_interfaces/msg/armos_cart_control__type_support.cpp.o\x1b[0m\n'}
[7.385817] (armos_interfaces) StdoutLine: {'line': b'[ 45%] \x1b[32mBuilding CXX object CMakeFiles/armos_interfaces__rosidl_typesupport_introspection_cpp.dir/rosidl_typesupport_introspection_cpp/armos_interfaces/msg/detail/armos_telemetry__type_support.cpp.o\x1b[0m\n'}
[7.401289] (-) TimerEvent: {}
[7.422751] (armos_interfaces) StdoutLine: {'line': b'[ 47%] \x1b[32mBuilding CXX object CMakeFiles/armos_interfaces__rosidl_typesupport_c.dir/rosidl_typesupport_c/armos_interfaces/srv/armos_set_gripper__type_support.cpp.o\x1b[0m\n'}
[7.501451] (-) TimerEvent: {}
[7.594707] (armos_interfaces) StdoutLine: {'line': b'[ 49%] \x1b[32mBuilding C object CMakeFiles/armos_interfaces__rosidl_typesupport_introspection_c.dir/rosidl_typesupport_introspection_c/armos_interfaces/msg/detail/armos_telemetry__type_support.c.o\x1b[0m\n'}
[7.602594] (-) TimerEvent: {}
[7.618255] (armos_interfaces) StdoutLine: {'line': b'[ 50%] \x1b[32m\x1b[1mLinking CXX shared library libarmos_interfaces__rosidl_typesupport_c.so\x1b[0m\n'}
[7.702808] (-) TimerEvent: {}
[7.806845] (-) TimerEvent: {}
[7.907702] (-) TimerEvent: {}
[7.918907] (armos_interfaces) StdoutLine: {'line': b'[ 52%] \x1b[32mBuilding C object CMakeFiles/armos_interfaces__rosidl_typesupport_introspection_c.dir/rosidl_typesupport_introspection_c/armos_interfaces/msg/detail/armos_joint_control__type_support.c.o\x1b[0m\n'}
[7.961027] (armos_interfaces) StdoutLine: {'line': b'[ 52%] Built target armos_interfaces__rosidl_typesupport_c\n'}
[7.982716] (armos_interfaces) StdoutLine: {'line': b'[ 54%] \x1b[32mBuilding C object CMakeFiles/armos_interfaces__rosidl_typesupport_introspection_c.dir/rosidl_typesupport_introspection_c/armos_interfaces/msg/detail/armos_cart_control__type_support.c.o\x1b[0m\n'}
[8.007826] (-) TimerEvent: {}
[8.101578] (armos_interfaces) StdoutLine: {'line': b'[ 56%] \x1b[32mBuilding C object CMakeFiles/armos_interfaces__rosidl_typesupport_introspection_c.dir/rosidl_typesupport_introspection_c/armos_interfaces/srv/detail/armos_set_gripper__type_support.c.o\x1b[0m\n'}
[8.107966] (-) TimerEvent: {}
[8.197652] (armos_interfaces) StdoutLine: {'line': b'[ 58%] \x1b[32mBuilding CXX object CMakeFiles/armos_interfaces__rosidl_typesupport_introspection_cpp.dir/rosidl_typesupport_introspection_cpp/armos_interfaces/msg/detail/armos_joint_control__type_support.cpp.o\x1b[0m\n'}
[8.203346] (armos_interfaces) StdoutLine: {'line': b'[ 60%] \x1b[32mBuilding CXX object CMakeFiles/armos_interfaces__rosidl_typesupport_introspection_cpp.dir/rosidl_typesupport_introspection_cpp/armos_interfaces/srv/detail/armos_set_gripper__type_support.cpp.o\x1b[0m\n'}
[8.218810] (armos_interfaces) StdoutLine: {'line': b'[ 61%] \x1b[32mBuilding CXX object CMakeFiles/armos_interfaces__rosidl_typesupport_introspection_cpp.dir/rosidl_typesupport_introspection_cpp/armos_interfaces/msg/detail/armos_cart_control__type_support.cpp.o\x1b[0m\n'}
[8.219258] (-) TimerEvent: {}
[8.277984] (armos_interfaces) StdoutLine: {'line': b'[ 63%] \x1b[32m\x1b[1mLinking C shared library libarmos_interfaces__rosidl_typesupport_introspection_c.so\x1b[0m\n'}
[8.319540] (-) TimerEvent: {}
[8.422140] (-) TimerEvent: {}
[8.425533] (armos_interfaces) StdoutLine: {'line': b'[ 63%] Built target armos_interfaces__rosidl_typesupport_introspection_c\n'}
[8.455886] (armos_interfaces) StdoutLine: {'line': b'[ 65%] \x1b[32mBuilding CXX object CMakeFiles/armos_interfaces__rosidl_typesupport_fastrtps_c.dir/rosidl_typesupport_fastrtps_c/armos_interfaces/msg/detail/armos_telemetry__type_support_c.cpp.o\x1b[0m\n'}
[8.458122] (armos_interfaces) StdoutLine: {'line': b'[ 67%] \x1b[32mBuilding CXX object CMakeFiles/armos_interfaces__rosidl_typesupport_fastrtps_c.dir/rosidl_typesupport_fastrtps_c/armos_interfaces/msg/detail/armos_joint_control__type_support_c.cpp.o\x1b[0m\n'}
[8.462587] (armos_interfaces) StdoutLine: {'line': b'[ 69%] \x1b[32mBuilding CXX object CMakeFiles/armos_interfaces__rosidl_typesupport_fastrtps_c.dir/rosidl_typesupport_fastrtps_c/armos_interfaces/msg/detail/armos_cart_control__type_support_c.cpp.o\x1b[0m\n'}
[8.538464] (-) TimerEvent: {}
[8.553242] (armos_interfaces) StdoutLine: {'line': b'[ 70%] \x1b[32m\x1b[1mLinking CXX shared library libarmos_interfaces__rosidl_typesupport_cpp.so\x1b[0m\n'}
[8.646918] (-) TimerEvent: {}
[8.708316] (armos_interfaces) StdoutLine: {'line': b'[ 70%] Built target armos_interfaces__rosidl_typesupport_cpp\n'}
[8.727571] (armos_interfaces) StdoutLine: {'line': b'[ 72%] \x1b[32mBuilding CXX object CMakeFiles/armos_interfaces__rosidl_typesupport_fastrtps_c.dir/rosidl_typesupport_fastrtps_c/armos_interfaces/srv/detail/armos_set_gripper__type_support_c.cpp.o\x1b[0m\n'}
[8.746983] (-) TimerEvent: {}
[8.854829] (-) TimerEvent: {}
[8.956701] (-) TimerEvent: {}
[9.061134] (-) TimerEvent: {}
[9.165121] (-) TimerEvent: {}
[9.268775] (-) TimerEvent: {}
[9.373050] (-) TimerEvent: {}
[9.473736] (-) TimerEvent: {}
[9.574386] (-) TimerEvent: {}
[9.679169] (-) TimerEvent: {}
[9.783080] (-) TimerEvent: {}
[9.883791] (-) TimerEvent: {}
[9.985145] (-) TimerEvent: {}
[10.014523] (armos_interfaces) StdoutLine: {'line': b'[ 74%] \x1b[32m\x1b[1mLinking CXX shared library libarmos_interfaces__rosidl_typesupport_fastrtps_cpp.so\x1b[0m\n'}
[10.085309] (-) TimerEvent: {}
[10.187297] (-) TimerEvent: {}
[10.250255] (armos_interfaces) StdoutLine: {'line': b'[ 74%] Built target armos_interfaces__rosidl_typesupport_fastrtps_cpp\n'}
[10.287500] (-) TimerEvent: {}
[10.323338] (armos_interfaces) StdoutLine: {'line': b'[ 76%] \x1b[32m\x1b[1mLinking CXX shared library libarmos_interfaces__rosidl_typesupport_introspection_cpp.so\x1b[0m\n'}
[10.389827] (-) TimerEvent: {}
[10.395206] (armos_interfaces) StdoutLine: {'line': b'[ 78%] \x1b[32m\x1b[1mLinking CXX shared library libarmos_interfaces__rosidl_typesupport_fastrtps_c.so\x1b[0m\n'}
[10.490240] (-) TimerEvent: {}
[10.546605] (armos_interfaces) StdoutLine: {'line': b'[ 78%] Built target armos_interfaces__rosidl_typesupport_introspection_cpp\n'}
[10.590442] (-) TimerEvent: {}
[10.649083] (armos_interfaces) StdoutLine: {'line': b'[ 78%] Built target armos_interfaces__rosidl_typesupport_fastrtps_c\n'}
[10.673534] (armos_interfaces) StdoutLine: {'line': b'[ 78%] Built target armos_interfaces\n'}
[10.690589] (-) TimerEvent: {}
[10.702137] (armos_interfaces) StdoutLine: {'line': b'[ 80%] \x1b[34m\x1b[1mGenerating Python code for ROS interfaces\x1b[0m\n'}
[10.790786] (-) TimerEvent: {}
[10.891425] (-) TimerEvent: {}
[10.994791] (-) TimerEvent: {}
[11.095647] (-) TimerEvent: {}
[11.197762] (-) TimerEvent: {}
[11.298276] (-) TimerEvent: {}
[11.399335] (-) TimerEvent: {}
[11.500267] (-) TimerEvent: {}
[11.604787] (-) TimerEvent: {}
[11.705357] (-) TimerEvent: {}
[11.806837] (-) TimerEvent: {}
[11.907442] (-) TimerEvent: {}
[12.008068] (-) TimerEvent: {}
[12.109034] (-) TimerEvent: {}
[12.209804] (-) TimerEvent: {}
[12.310700] (-) TimerEvent: {}
[12.411944] (-) TimerEvent: {}
[12.514833] (-) TimerEvent: {}
[12.615457] (-) TimerEvent: {}
[12.716088] (-) TimerEvent: {}
[12.816647] (-) TimerEvent: {}
[12.917239] (-) TimerEvent: {}
[13.016308] (armos_interfaces) StdoutLine: {'line': b'[ 80%] Built target armos_interfaces__py\n'}
[13.017505] (-) TimerEvent: {}
[13.069996] (armos_interfaces) StdoutLine: {'line': b'[ 81%] \x1b[32mBuilding C object CMakeFiles/armos_interfaces__rosidl_generator_py.dir/rosidl_generator_py/armos_interfaces/msg/_armos_telemetry_s.c.o\x1b[0m\n'}
[13.081945] (armos_interfaces) StdoutLine: {'line': b'[ 83%] \x1b[32mBuilding C object CMakeFiles/armos_interfaces__rosidl_generator_py.dir/rosidl_generator_py/armos_interfaces/msg/_armos_cart_control_s.c.o\x1b[0m\n'}
[13.082481] (armos_interfaces) StdoutLine: {'line': b'[ 85%] \x1b[32mBuilding C object CMakeFiles/armos_interfaces__rosidl_generator_py.dir/rosidl_generator_py/armos_interfaces/msg/_armos_joint_control_s.c.o\x1b[0m\n'}
[13.090028] (armos_interfaces) StdoutLine: {'line': b'[ 87%] \x1b[32mBuilding C object CMakeFiles/armos_interfaces__rosidl_generator_py.dir/rosidl_generator_py/armos_interfaces/srv/_armos_set_gripper_s.c.o\x1b[0m\n'}
[13.123326] (-) TimerEvent: {}
[13.235074] (-) TimerEvent: {}
[13.335722] (-) TimerEvent: {}
[13.436343] (-) TimerEvent: {}
[13.538800] (-) TimerEvent: {}
[13.597939] (armos_interfaces) StdoutLine: {'line': b'[ 89%] \x1b[32m\x1b[1mLinking C shared library rosidl_generator_py/armos_interfaces/libarmos_interfaces__rosidl_generator_py.so\x1b[0m\n'}
[13.639131] (-) TimerEvent: {}
[13.696921] (armos_interfaces) StdoutLine: {'line': b'[ 89%] Built target armos_interfaces__rosidl_generator_py\n'}
[13.740125] (-) TimerEvent: {}
[13.742126] (armos_interfaces) StdoutLine: {'line': b'[ 90%] \x1b[32mBuilding C object CMakeFiles/armos_interfaces__rosidl_typesupport_fastrtps_c__pyext.dir/rosidl_generator_py/armos_interfaces/_armos_interfaces_s.ep.rosidl_typesupport_fastrtps_c.c.o\x1b[0m\n'}
[13.748174] (armos_interfaces) StdoutLine: {'line': b'[ 92%] \x1b[32mBuilding C object CMakeFiles/armos_interfaces__rosidl_typesupport_introspection_c__pyext.dir/rosidl_generator_py/armos_interfaces/_armos_interfaces_s.ep.rosidl_typesupport_introspection_c.c.o\x1b[0m\n'}
[13.749742] (armos_interfaces) StdoutLine: {'line': b'[ 94%] \x1b[32mBuilding C object CMakeFiles/armos_interfaces__rosidl_typesupport_c__pyext.dir/rosidl_generator_py/armos_interfaces/_armos_interfaces_s.ep.rosidl_typesupport_c.c.o\x1b[0m\n'}
[13.842779] (-) TimerEvent: {}
[13.943403] (-) TimerEvent: {}
[14.032097] (armos_interfaces) StdoutLine: {'line': b'[ 96%] \x1b[32m\x1b[1mLinking C shared library rosidl_generator_py/armos_interfaces/armos_interfaces_s__rosidl_typesupport_c.cpython-310-x86_64-linux-gnu.so\x1b[0m\n'}
[14.044125] (-) TimerEvent: {}
[14.080894] (armos_interfaces) StdoutLine: {'line': b'[ 98%] \x1b[32m\x1b[1mLinking C shared library rosidl_generator_py/armos_interfaces/armos_interfaces_s__rosidl_typesupport_introspection_c.cpython-310-x86_64-linux-gnu.so\x1b[0m\n'}
[14.081798] (armos_interfaces) StdoutLine: {'line': b'[100%] \x1b[32m\x1b[1mLinking C shared library rosidl_generator_py/armos_interfaces/armos_interfaces_s__rosidl_typesupport_fastrtps_c.cpython-310-x86_64-linux-gnu.so\x1b[0m\n'}
[14.092920] (armos_interfaces) StdoutLine: {'line': b'[100%] Built target armos_interfaces__rosidl_typesupport_c__pyext\n'}
[14.144306] (-) TimerEvent: {}
[14.150434] (armos_interfaces) StdoutLine: {'line': b'[100%] Built target armos_interfaces__rosidl_typesupport_introspection_c__pyext\n'}
[14.173866] (armos_interfaces) StdoutLine: {'line': b'[100%] Built target armos_interfaces__rosidl_typesupport_fastrtps_c__pyext\n'}
[14.196785] (armos_interfaces) CommandEnded: {'returncode': 0}
[14.200222] (armos_interfaces) JobProgress: {'identifier': 'armos_interfaces', 'progress': 'install'}
[14.210846] (armos_interfaces) Command: {'cmd': ['/usr/bin/cmake', '--install', '/home/krishnapranav/mj_manipulation/mujoco_manipulation/build/armos_interfaces'], 'cwd': '/home/krishnapranav/mj_manipulation/mujoco_manipulation/build/armos_interfaces', 'env': OrderedDict([('GJS_DEBUG_TOPICS', 'JS ERROR;JS LOG'), ('PYTHON_BASIC_REPL', '1'), ('LESSOPEN', '| /usr/bin/lesspipe %s'), ('GZ_SIM_RESOURCE_PATH', ':/home/krishnapranav/ur_ws/install/ur_description/share:/home/krishnapranav/cynlr_ws/install/robotiq_description/share/robotiq_description:/home/krishnapranav/ur_ws/install/ur_description/share:/home/krishnapranav/cynlr_ws/install/robotiq_description/share/robotiq_description'), ('AI_AGENT', 'github_copilot_vscode_agent'), ('LANGUAGE', 'en_IN:en'), ('USER', 'krishnapranav'), ('FONTCONFIG_PATH', '/etc/fonts'), ('GIT_EDITOR', ':'), ('GIO_MODULE_DIR', '/home/krishnapranav/snap/code/common/.cache/gio-modules'), ('XDG_SESSION_TYPE', 'wayland'), ('GIT_ASKPASS', '/snap/code/258/usr/share/code/resources/app/extensions/git/dist/askpass.sh'), ('PIP_CACHE_DIR', '/media/krishnapranav/OS/linux'), ('GTK_EXE_PREFIX_VSCODE_SNAP_ORIG', ''), ('GDK_BACKEND_VSCODE_SNAP_ORIG', ''), ('SHLVL', '2'), ('LD_LIBRARY_PATH', '/home/krishnapranav/mj_manipulation/install/armos_interfaces/lib:/opt/ros/humble/opt/rviz_ogre_vendor/lib:/opt/ros/humble/lib/x86_64-linux-gnu:/opt/ros/humble/lib:/home/krishnapranav/microros_ws/install/micro_ros_agent/lib:/home/krishnapranav/microros_ws/install/micro_ros_msgs/lib'), ('COPILOT_AGENT', '1'), ('VREP_ROOT', '/home/krishnapranav/krishnapranav/Downloads/VREP'), ('HOME', '/home/krishnapranav'), ('CHROME_DESKTOP', 'code.desktop'), ('LOCPATH_VSCODE_SNAP_ORIG', ''), ('OLDPWD', '/home/krishnapranav/mj_manipulation'), ('TERM_PROGRAM_VERSION', '1.134.0'), ('DESKTOP_SESSION', 'ubuntu'), ('GTK_PATH', '/snap/code/258/usr/lib/x86_64-linux-gnu/gtk-3.0'), ('XDG_DATA_HOME_VSCODE_SNAP_ORIG', ''), ('GTK_IM_MODULE_FILE', '/home/krishnapranav/snap/code/common/.cache/immodules/immodules.cache'), ('GIO_LAUNCHED_DESKTOP_FILE', '/usr/share/applications/terminator.desktop'), ('ROS_PYTHON_VERSION', '3'), ('GNOME_SHELL_SESSION_MODE', 'ubuntu'), ('GTK_MODULES', 'gail:atk-bridge'), ('GSETTINGS_SCHEMA_DIR_VSCODE_SNAP_ORIG', ''), ('VSCODE_GIT_ASKPASS_MAIN', '/snap/code/258/usr/share/code/resources/app/extensions/git/dist/askpass-main.js'), ('PS1', '\\[\x1b]633;A\x07\\](armos) \\[\\e]0;\\u@\\h: \\w\\a\\]${debian_chroot:+($debian_chroot)}\\[\\033[01;32m\\]\\u@\\h\\[\\033[00m\\]:\\[\\033[01;34m\\]\\w\\[\\033[00m\\]\\$ \\[\x1b]633;B\x07\\]'), ('VSCODE_GIT_ASKPASS_NODE', '/snap/code/258/usr/share/code/code'), ('MANAGERPID', '1658'), ('PYDEVD_DISABLE_FILE_VALIDATION', '1'), ('SYSTEMD_EXEC_PID', '1828'), ('BUNDLED_DEBUGPY_PATH', '/home/krishnapranav/.vscode/extensions/ms-python.debugpy-2026.6.0-linux-x64/bundled/libs/debugpy'), ('VSCODE_PYTHON_AUTOACTIVATE_GUARD', '1'), ('DBUS_SESSION_BUS_ADDRESS', 'unix:path=/run/user/1000/bus'), ('COLORTERM', 'truecolor'), ('TERMINATOR_DBUS_NAME', 'net.tenshu.Terminator25ef4b219e3b005583550f2b0f9f990c3'), ('GIO_LAUNCHED_DESKTOP_FILE_PID', '54086'), ('_colcon_cd_root', '/home/krishnapranav/ros2_ws'), ('PICO_TOOLCHAIN_PATH', '...'), ('IM_CONFIG_PHASE', '1'), ('WAYLAND_DISPLAY', 'wayland-0'), ('COLCON_PREFIX_PATH', '/home/krishnapranav/microros_ws/install:/home/krishnapranav/mj_manipulation/install'), ('ROS_DISTRO', 'humble'), ('LOGNAME', 'krishnapranav'), ('ONSHAPE_SECRET_KEY', 'gguRK886Jm7693iJla7c1dbItcYEpgizDTTNF2EMEzI116LA'), ('JOURNAL_STREAM', '8:19715'), ('_', '/usr/bin/colcon'), ('ROS_VERSION', '2'), ('XDG_CONFIG_DIRS_VSCODE_SNAP_ORIG', '/etc/xdg/xdg-ubuntu:/etc/xdg'), ('XDG_SESSION_CLASS', 'user'), ('XDG_DATA_DIRS_VSCODE_SNAP_ORIG', '/usr/share/ubuntu:/usr/local/share/:/usr/share/:/var/lib/snapd/desktop'), ('USERNAME', 'krishnapranav'), ('TERM', 'xterm-256color'), ('GAZEBO_MODEL_PATH', ':/home/krishnapranav/kpbot_ws/install/kpbot_description/share/kpbot_description/models:/home/krishnapranav/kpbot_ws/install/kpbot_description/share/kpbot_description/models'), ('GNOME_DESKTOP_SESSION_ID', 'this-is-deprecated'), ('FC_FONTATIONS', '1'), ('ROS_LOCALHOST_ONLY', '0'), ('HISTCONTROL', 'ignorespace'), ('PATH', '/home/krishnapranav/.venvs/armos/bin:/home/krishnapranav/.config/Code/User/globalStorage/github.copilot-chat/debugCommand:/home/krishnapranav/.config/Code/User/globalStorage/github.copilot-chat/copilotCli:/home/krishnapranav/.venvs/armos/bin:/opt/ros/humble/bin:/home/krishnapranav/.cargo/bin:/home/krishnapranav/.local/bin:/usr/local/sbin:/usr/local/bin:/usr/sbin:/usr/bin:/sbin:/bin:/usr/games:/usr/local/games:/snap/bin:/snap/bin:/home/krishnapranav/.platformio/penv/bin:/home/krishnapranav/.vscode/extensions/ms-python.debugpy-2026.6.0-linux-x64/bundled/scripts/noConfigScripts:/home/krishnapranav/.platformio/penv/bin'), ('SESSION_MANAGER', 'local/krishnapranav-Inspiron-14-5430:@/tmp/.ICE-unix/1796,unix/krishnapranav-Inspiron-14-5430:/tmp/.ICE-unix/1796'), ('GTK_EXE_PREFIX', '/snap/code/258/usr'), ('INVOCATION_ID', '2e31da0006024640992ab6ab791683f7'), ('XDG_MENU_PREFIX', 'gnome-'), ('GNOME_SETUP_DISPLAY', ':1'), ('XDG_RUNTIME_DIR', '/run/user/1000'), ('GDK_BACKEND', 'x11'), ('DISPLAY', ':0'), ('LOCPATH', '/snap/code/258/usr/lib/locale'), ('VSCODE_DEBUGPY_ADAPTER_ENDPOINTS', '/home/krishnapranav/.vscode/extensions/ms-python.debugpy-2026.6.0-linux-x64/.noConfigDebugAdapterEndpoints/endpoint-8b635a662eb851b9.txt'), ('TERMINATOR_DBUS_PATH', '/net/tenshu/Terminator2'), ('LANG', 'en_US.UTF-8'), ('XDG_CURRENT_DESKTOP', 'ubuntu:GNOME'), ('PYTHONSTARTUP', '/home/krishnapranav/.config/Code/User/workspaceStorage/0765c8b469f4b5804df2f14b56cb7098/ms-python.python/pythonrc.py'), ('IBUS_DISABLE_SNOOPER', '1'), ('VIRTUAL_ENV_PROMPT', '(armos)'), ('GIO_MODULE_DIR_VSCODE_SNAP_ORIG', ''), ('XDG_DATA_HOME', '/home/krishnapranav/snap/code/258/.local/share'), ('XMODIFIERS', '@im=ibus'), ('XDG_SESSION_DESKTOP', 'ubuntu'), ('XAUTHORITY', '/run/user/1000/.mutter-Xwaylandauth.ET2IU3'), ('LS_COLORS', 'rs=0:di=01;34:ln=01;36:mh=00:pi=40;33:so=01;35:do=01;35:bd=40;33;01:cd=40;33;01:or=40;31;01:mi=00:su=37;41:sg=30;43:ca=30;41:tw=30;42:ow=34;42:st=37;44:ex=01;32:*.tar=01;31:*.tgz=01;31:*.arc=01;31:*.arj=01;31:*.taz=01;31:*.lha=01;31:*.lz4=01;31:*.lzh=01;31:*.lzma=01;31:*.tlz=01;31:*.txz=01;31:*.tzo=01;31:*.t7z=01;31:*.zip=01;31:*.z=01;31:*.dz=01;31:*.gz=01;31:*.lrz=01;31:*.lz=01;31:*.lzo=01;31:*.xz=01;31:*.zst=01;31:*.tzst=01;31:*.bz2=01;31:*.bz=01;31:*.tbz=01;31:*.tbz2=01;31:*.tz=01;31:*.deb=01;31:*.rpm=01;31:*.jar=01;31:*.war=01;31:*.ear=01;31:*.sar=01;31:*.rar=01;31:*.alz=01;31:*.ace=01;31:*.zoo=01;31:*.cpio=01;31:*.7z=01;31:*.rz=01;31:*.cab=01;31:*.wim=01;31:*.swm=01;31:*.dwm=01;31:*.esd=01;31:*.jpg=01;35:*.jpeg=01;35:*.mjpg=01;35:*.mjpeg=01;35:*.gif=01;35:*.bmp=01;35:*.pbm=01;35:*.pgm=01;35:*.ppm=01;35:*.tga=01;35:*.xbm=01;35:*.xpm=01;35:*.tif=01;35:*.tiff=01;35:*.png=01;35:*.svg=01;35:*.svgz=01;35:*.mng=01;35:*.pcx=01;35:*.mov=01;35:*.mpg=01;35:*.mpeg=01;35:*.m2v=01;35:*.mkv=01;35:*.webm=01;35:*.webp=01;35:*.ogm=01;35:*.mp4=01;35:*.m4v=01;35:*.mp4v=01;35:*.vob=01;35:*.qt=01;35:*.nuv=01;35:*.wmv=01;35:*.asf=01;35:*.rm=01;35:*.rmvb=01;35:*.flc=01;35:*.avi=01;35:*.fli=01;35:*.flv=01;35:*.gl=01;35:*.dl=01;35:*.xcf=01;35:*.xwd=01;35:*.yuv=01;35:*.cgm=01;35:*.emf=01;35:*.ogv=01;35:*.ogx=01;35:*.aac=00;36:*.au=00;36:*.flac=00;36:*.m4a=00;36:*.mid=00;36:*.midi=00;36:*.mka=00;36:*.mp3=00;36:*.mpc=00;36:*.ogg=00;36:*.ra=00;36:*.wav=00;36:*.oga=00;36:*.opus=00;36:*.spx=00;36:*.xspf=00;36:'), ('VSCODE_GIT_IPC_HANDLE', '/run/user/1000/vscode-git-54e92d9002.sock'), ('TERM_PROGRAM', 'vscode'), ('SSH_AGENT_LAUNCHER', 'gnome-keyring'), ('SSH_AUTH_SOCK', '/run/user/1000/keyring/ssh'), ('GSETTINGS_SCHEMA_DIR', '/home/krishnapranav/snap/code/258/.local/share/glib-2.0/schemas'), ('AMENT_PREFIX_PATH', '/home/krishnapranav/mj_manipulation/install/armos_interfaces:/home/krishnapranav/mj_manipulation/install/armos_control:/opt/ros/humble:/home/krishnapranav/microros_ws/install/micro_ros_setup:/home/krishnapranav/microros_ws/install/micro_ros_agent:/home/krishnapranav/microros_ws/install/micro_ros_msgs'), ('DEBIAN_FRONTEND', 'noninteractive'), ('SHELL', '/bin/bash'), ('TERMINATOR_UUID', 'urn:uuid:d922834f-a529-49d0-a45e-d21084021fe9'), ('QT_ACCESSIBILITY', '1'), ('GDMSESSION', 'ubuntu'), ('LESSCLOSE', '/usr/bin/lesspipe %s %s'), ('GTK_PATH_VSCODE_SNAP_ORIG', ''), ('FONTCONFIG_FILE', '/etc/fonts/fonts.conf'), ('GTK_IM_MODULE_FILE_VSCODE_SNAP_ORIG', ''), ('GJS_DEBUG_OUTPUT', 'stderr'), ('VIRTUAL_ENV', '/home/krishnapranav/.venvs/armos'), ('VSCODE_GIT_ASKPASS_EXTRA_ARGS', ''), ('GIT_PAGER', 'cat'), ('QT_IM_MODULE', 'ibus'), ('PWD', '/home/krishnapranav/mj_manipulation/mujoco_manipulation/build/armos_interfaces'), ('GIT_MERGE_AUTOEDIT', 'no'), ('LC_ALL', 'en_US.UTF-8'), ('XDG_CONFIG_DIRS', '/etc/xdg/xdg-ubuntu:/etc/xdg'), ('ONSHAPE_ACCESS_KEY', 'on_J81I0YADaUIUwrnDKCQi1'), ('COPILOT_DEBUG_NONCE', '7be03b1f8ebdc82ae7df0f3e0ce45116'), ('PICO_SDK_PATH', '/home/krishnapranav/micro_ros_ws/src/pico-sdk'), ('XDG_DATA_DIRS', '/home/krishnapranav/snap/code/258/.local/share:/home/krishnapranav/snap/code/258:/snap/code/258/usr/share:/usr/share/ubuntu:/usr/local/share/:/usr/share/:/var/lib/snapd/desktop'), ('PYTHONPATH', '/home/krishnapranav/mj_manipulation/install/armos_interfaces/local/lib/python3.10/dist-packages:/opt/ros/humble/lib/python3.10/site-packages:/opt/ros/humble/local/lib/python3.10/dist-packages:/home/krishnapranav/microros_ws/install/micro_ros_msgs/lib/python3.10/site-packages'), ('ONSHAPE_API', 'https://cad.onshape.com'), ('COLCON', '1'), ('VTE_VERSION', '6800'), ('CMAKE_PREFIX_PATH', '/home/krishnapranav/mj_manipulation/install/armos_interfaces:/home/krishnapranav/mj_manipulation/install/armos_control:/home/krishnapranav/microros_ws/install/micro_ros_setup:/home/krishnapranav/microros_ws/install/micro_ros_agent:/home/krishnapranav/microros_ws/install/micro_ros_msgs:/opt/ros/humble'), ('GOOGLE_API_KEY', 'AIzaSyCgCj2XslZGJhBl_LuqTDoh6JdSHjKyM2E')]), 'shell': False}
[14.224578] (armos_interfaces) StdoutLine: {'line': b'-- Install configuration: ""\n'}
[14.225039] (armos_interfaces) StdoutLine: {'line': b'-- Installing: /home/krishnapranav/mj_manipulation/mujoco_manipulation/install/armos_interfaces/share/ament_index/resource_index/rosidl_interfaces/armos_interfaces\n'}
[14.225293] (armos_interfaces) StdoutLine: {'line': b'-- Up-to-date: /home/krishnapranav/mj_manipulation/mujoco_manipulation/install/armos_interfaces/include/armos_interfaces/armos_interfaces\n'}
[14.225481] (armos_interfaces) StdoutLine: {'line': b'-- Up-to-date: /home/krishnapranav/mj_manipulation/mujoco_manipulation/install/armos_interfaces/include/armos_interfaces/armos_interfaces/msg\n'}
[14.225688] (armos_interfaces) StdoutLine: {'line': b'-- Up-to-date: /home/krishnapranav/mj_manipulation/mujoco_manipulation/install/armos_interfaces/include/armos_interfaces/armos_interfaces/msg/detail\n'}
[14.225887] (armos_interfaces) StdoutLine: {'line': b'-- Installing: /home/krishnapranav/mj_manipulation/mujoco_manipulation/install/armos_interfaces/include/armos_interfaces/armos_interfaces/msg/detail/armos_telemetry__type_support.h\n'}
[14.226137] (armos_interfaces) StdoutLine: {'line': b'-- Installing: /home/krishnapranav/mj_manipulation/mujoco_manipulation/install/armos_interfaces/include/armos_interfaces/armos_interfaces/msg/detail/armos_telemetry__struct.h\n'}
[14.226372] (armos_interfaces) StdoutLine: {'line': b'-- Installing: /home/krishnapranav/mj_manipulation/mujoco_manipulation/install/armos_interfaces/include/armos_interfaces/armos_interfaces/msg/detail/armos_joint_control__functions.h\n'}
[14.226655] (armos_interfaces) StdoutLine: {'line': b'-- Installing: /home/krishnapranav/mj_manipulation/mujoco_manipulation/install/armos_interfaces/include/armos_interfaces/armos_interfaces/msg/detail/armos_joint_control__functions.c\n'}
[14.228899] (armos_interfaces) StdoutLine: {'line': b'-- Installing: /home/krishnapranav/mj_manipulation/mujoco_manipulation/install/armos_interfaces/include/armos_interfaces/armos_interfaces/msg/detail/armos_joint_control__struct.h\n'}
[14.229283] (armos_interfaces) StdoutLine: {'line': b'-- Installing: /home/krishnapranav/mj_manipulation/mujoco_manipulation/install/armos_interfaces/include/armos_interfaces/armos_interfaces/msg/detail/armos_cart_control__type_support.h\n'}
[14.229504] (armos_interfaces) StdoutLine: {'line': b'-- Installing: /home/krishnapranav/mj_manipulation/mujoco_manipulation/install/armos_interfaces/include/armos_interfaces/armos_interfaces/msg/detail/armos_telemetry__functions.c\n'}
[14.229846] (armos_interfaces) StdoutLine: {'line': b'-- Installing: /home/krishnapranav/mj_manipulation/mujoco_manipulation/install/armos_interfaces/include/armos_interfaces/armos_interfaces/msg/detail/armos_cart_control__functions.c\n'}
[14.230174] (armos_interfaces) StdoutLine: {'line': b'-- Installing: /home/krishnapranav/mj_manipulation/mujoco_manipulation/install/armos_interfaces/include/armos_interfaces/armos_interfaces/msg/detail/armos_telemetry__functions.h\n'}
[14.230498] (armos_interfaces) StdoutLine: {'line': b'-- Installing: /home/krishnapranav/mj_manipulation/mujoco_manipulation/install/armos_interfaces/include/armos_interfaces/armos_interfaces/msg/detail/armos_cart_control__functions.h\n'}
[14.230845] (armos_interfaces) StdoutLine: {'line': b'-- Installing: /home/krishnapranav/mj_manipulation/mujoco_manipulation/install/armos_interfaces/include/armos_interfaces/armos_interfaces/msg/detail/armos_joint_control__type_support.h\n'}
[14.231157] (armos_interfaces) StdoutLine: {'line': b'-- Installing: /home/krishnapranav/mj_manipulation/mujoco_manipulation/install/armos_interfaces/include/armos_interfaces/armos_interfaces/msg/detail/armos_cart_control__struct.h\n'}
[14.231479] (armos_interfaces) StdoutLine: {'line': b'-- Installing: /home/krishnapranav/mj_manipulation/mujoco_manipulation/install/armos_interfaces/include/armos_interfaces/armos_interfaces/msg/armos_telemetry.h\n'}
[14.231818] (armos_interfaces) StdoutLine: {'line': b'-- Installing: /home/krishnapranav/mj_manipulation/mujoco_manipulation/install/armos_interfaces/include/armos_interfaces/armos_interfaces/msg/armos_joint_control.h\n'}
[14.232170] (armos_interfaces) StdoutLine: {'line': b'-- Installing: /home/krishnapranav/mj_manipulation/mujoco_manipulation/install/armos_interfaces/include/armos_interfaces/armos_interfaces/msg/armos_cart_control.h\n'}
[14.232531] (armos_interfaces) StdoutLine: {'line': b'-- Up-to-date: /home/krishnapranav/mj_manipulation/mujoco_manipulation/install/armos_interfaces/include/armos_interfaces/armos_interfaces/msg/rosidl_generator_c__visibility_control.h\n'}
[14.233038] (armos_interfaces) StdoutLine: {'line': b'-- Up-to-date: /home/krishnapranav/mj_manipulation/mujoco_manipulation/install/armos_interfaces/include/armos_interfaces/armos_interfaces/srv\n'}
[14.233460] (armos_interfaces) StdoutLine: {'line': b'-- Installing: /home/krishnapranav/mj_manipulation/mujoco_manipulation/install/armos_interfaces/include/armos_interfaces/armos_interfaces/srv/armos_set_gripper.h\n'}
[14.233961] (armos_interfaces) StdoutLine: {'line': b'-- Up-to-date: /home/krishnapranav/mj_manipulation/mujoco_manipulation/install/armos_interfaces/include/armos_interfaces/armos_interfaces/srv/armos_set_mode.h\n'}
[14.234314] (armos_interfaces) StdoutLine: {'line': b'-- Up-to-date: /home/krishnapranav/mj_manipulation/mujoco_manipulation/install/armos_interfaces/include/armos_interfaces/armos_interfaces/srv/detail\n'}
[14.234847] (armos_interfaces) StdoutLine: {'line': b'-- Installing: /home/krishnapranav/mj_manipulation/mujoco_manipulation/install/armos_interfaces/include/armos_interfaces/armos_interfaces/srv/detail/armos_set_gripper__struct.h\n'}
[14.235445] (armos_interfaces) StdoutLine: {'line': b'-- Installing: /home/krishnapranav/mj_manipulation/mujoco_manipulation/install/armos_interfaces/include/armos_interfaces/armos_interfaces/srv/detail/armos_set_gripper__type_support.h\n'}
[14.235731] (armos_interfaces) StdoutLine: {'line': b'-- Up-to-date: /home/krishnapranav/mj_manipulation/mujoco_manipulation/install/armos_interfaces/include/armos_interfaces/armos_interfaces/srv/detail/armos_set_mode__functions.c\n'}
[14.235982] (armos_interfaces) StdoutLine: {'line': b'-- Installing: /home/krishnapranav/mj_manipulation/mujoco_manipulation/install/armos_interfaces/include/armos_interfaces/armos_interfaces/srv/detail/armos_set_gripper__functions.h\n'}
[14.236201] (armos_interfaces) StdoutLine: {'line': b'-- Installing: /home/krishnapranav/mj_manipulation/mujoco_manipulation/install/armos_interfaces/include/armos_interfaces/armos_interfaces/srv/detail/armos_set_gripper__functions.c\n'}
[14.236422] (armos_interfaces) StdoutLine: {'line': b'-- Up-to-date: /home/krishnapranav/mj_manipulation/mujoco_manipulation/install/armos_interfaces/include/armos_interfaces/armos_interfaces/srv/detail/armos_set_mode__functions.h\n'}
[14.236632] (armos_interfaces) StdoutLine: {'line': b'-- Up-to-date: /home/krishnapranav/mj_manipulation/mujoco_manipulation/install/armos_interfaces/include/armos_interfaces/armos_interfaces/srv/detail/armos_set_mode__struct.h\n'}
[14.237480] (armos_interfaces) StdoutLine: {'line': b'-- Up-to-date: /home/krishnapranav/mj_manipulation/mujoco_manipulation/install/armos_interfaces/include/armos_interfaces/armos_interfaces/srv/detail/armos_set_mode__type_support.h\n'}
[14.237752] (armos_interfaces) StdoutLine: {'line': b'-- Up-to-date: /home/krishnapranav/mj_manipulation/mujoco_manipulation/install/armos_interfaces/share/armos_interfaces/environment/library_path.sh\n'}
[14.237997] (armos_interfaces) StdoutLine: {'line': b'-- Installing: /home/krishnapranav/mj_manipulation/mujoco_manipulation/install/armos_interfaces/share/armos_interfaces/environment/library_path.dsv\n'}
[14.238281] (armos_interfaces) StdoutLine: {'line': b'-- Installing: /home/krishnapranav/mj_manipulation/mujoco_manipulation/install/armos_interfaces/lib/libarmos_interfaces__rosidl_generator_c.so\n'}
[14.239335] (armos_interfaces) StdoutLine: {'line': b'-- Set runtime path of "/home/krishnapranav/mj_manipulation/mujoco_manipulation/install/armos_interfaces/lib/libarmos_interfaces__rosidl_generator_c.so" to ""\n'}
[14.239658] (armos_interfaces) StdoutLine: {'line': b'-- Up-to-date: /home/krishnapranav/mj_manipulation/mujoco_manipulation/install/armos_interfaces/include/armos_interfaces/armos_interfaces\n'}
[14.239897] (armos_interfaces) StdoutLine: {'line': b'-- Up-to-date: /home/krishnapranav/mj_manipulation/mujoco_manipulation/install/armos_interfaces/include/armos_interfaces/armos_interfaces/msg\n'}
[14.240086] (armos_interfaces) StdoutLine: {'line': b'-- Up-to-date: /home/krishnapranav/mj_manipulation/mujoco_manipulation/install/armos_interfaces/include/armos_interfaces/armos_interfaces/msg/detail\n'}
[14.240272] (armos_interfaces) StdoutLine: {'line': b'-- Installing: /home/krishnapranav/mj_manipulation/mujoco_manipulation/install/armos_interfaces/include/armos_interfaces/armos_interfaces/msg/detail/armos_cart_control__rosidl_typesupport_fastrtps_c.h\n'}
[14.240582] (armos_interfaces) StdoutLine: {'line': b'-- Installing: /home/krishnapranav/mj_manipulation/mujoco_manipulation/install/armos_interfaces/include/armos_interfaces/armos_interfaces/msg/detail/armos_joint_control__rosidl_typesupport_fastrtps_c.h\n'}
[14.240908] (armos_interfaces) StdoutLine: {'line': b'-- Installing: /home/krishnapranav/mj_manipulation/mujoco_manipulation/install/armos_interfaces/include/armos_interfaces/armos_interfaces/msg/detail/armos_telemetry__rosidl_typesupport_fastrtps_c.h\n'}
[14.241354] (armos_interfaces) StdoutLine: {'line': b'-- Up-to-date: /home/krishnapranav/mj_manipulation/mujoco_manipulation/install/armos_interfaces/include/armos_interfaces/armos_interfaces/msg/rosidl_typesupport_fastrtps_c__visibility_control.h\n'}
[14.241585] (armos_interfaces) StdoutLine: {'line': b'-- Up-to-date: /home/krishnapranav/mj_manipulation/mujoco_manipulation/install/armos_interfaces/include/armos_interfaces/armos_interfaces/srv\n'}
[14.241861] (armos_interfaces) StdoutLine: {'line': b'-- Up-to-date: /home/krishnapranav/mj_manipulation/mujoco_manipulation/install/armos_interfaces/include/armos_interfaces/armos_interfaces/srv/detail\n'}
[14.242048] (armos_interfaces) StdoutLine: {'line': b'-- Up-to-date: /home/krishnapranav/mj_manipulation/mujoco_manipulation/install/armos_interfaces/include/armos_interfaces/armos_interfaces/srv/detail/armos_set_mode__rosidl_typesupport_fastrtps_c.h\n'}
[14.242191] (armos_interfaces) StdoutLine: {'line': b'-- Installing: /home/krishnapranav/mj_manipulation/mujoco_manipulation/install/armos_interfaces/include/armos_interfaces/armos_interfaces/srv/detail/armos_set_gripper__rosidl_typesupport_fastrtps_c.h\n'}
[14.243154] (armos_interfaces) StdoutLine: {'line': b'-- Installing: /home/krishnapranav/mj_manipulation/mujoco_manipulation/install/armos_interfaces/lib/libarmos_interfaces__rosidl_typesupport_fastrtps_c.so\n'}
[14.244733] (armos_interfaces) StdoutLine: {'line': b'-- Set runtime path of "/home/krishnapranav/mj_manipulation/mujoco_manipulation/install/armos_interfaces/lib/libarmos_interfaces__rosidl_typesupport_fastrtps_c.so" to ""\n'}
[14.245156] (-) TimerEvent: {}
[14.245389] (armos_interfaces) StdoutLine: {'line': b'-- Up-to-date: /home/krishnapranav/mj_manipulation/mujoco_manipulation/install/armos_interfaces/include/armos_interfaces/armos_interfaces\n'}
[14.245575] (armos_interfaces) StdoutLine: {'line': b'-- Up-to-date: /home/krishnapranav/mj_manipulation/mujoco_manipulation/install/armos_interfaces/include/armos_interfaces/armos_interfaces/msg\n'}
[14.245909] (armos_interfaces) StdoutLine: {'line': b'-- Up-to-date: /home/krishnapranav/mj_manipulation/mujoco_manipulation/install/armos_interfaces/include/armos_interfaces/armos_interfaces/msg/rosidl_typesupport_introspection_c__visibility_control.h\n'}
[14.246189] (armos_interfaces) StdoutLine: {'line': b'-- Up-to-date: /home/krishnapranav/mj_manipulation/mujoco_manipulation/install/armos_interfaces/include/armos_interfaces/armos_interfaces/msg/detail\n'}
[14.246322] (armos_interfaces) StdoutLine: {'line': b'-- Installing: /home/krishnapranav/mj_manipulation/mujoco_manipulation/install/armos_interfaces/include/armos_interfaces/armos_interfaces/msg/detail/armos_cart_control__rosidl_typesupport_introspection_c.h\n'}
[14.246470] (armos_interfaces) StdoutLine: {'line': b'-- Installing: /home/krishnapranav/mj_manipulation/mujoco_manipulation/install/armos_interfaces/include/armos_interfaces/armos_interfaces/msg/detail/armos_telemetry__rosidl_typesupport_introspection_c.h\n'}
[14.249209] (armos_interfaces) StdoutLine: {'line': b'-- Installing: /home/krishnapranav/mj_manipulation/mujoco_manipulation/install/armos_interfaces/include/armos_interfaces/armos_interfaces/msg/detail/armos_telemetry__type_support.c\n'}
[14.249632] (armos_interfaces) StdoutLine: {'line': b'-- Installing: /home/krishnapranav/mj_manipulation/mujoco_manipulation/install/armos_interfaces/include/armos_interfaces/armos_interfaces/msg/detail/armos_cart_control__type_support.c\n'}
[14.249855] (armos_interfaces) StdoutLine: {'line': b'-- Installing: /home/krishnapranav/mj_manipulation/mujoco_manipulation/install/armos_interfaces/include/armos_interfaces/armos_interfaces/msg/detail/armos_joint_control__type_support.c\n'}
[14.250023] (armos_interfaces) StdoutLine: {'line': b'-- Installing: /home/krishnapranav/mj_manipulation/mujoco_manipulation/install/armos_interfaces/include/armos_interfaces/armos_interfaces/msg/detail/armos_joint_control__rosidl_typesupport_introspection_c.h\n'}
[14.250164] (armos_interfaces) StdoutLine: {'line': b'-- Up-to-date: /home/krishnapranav/mj_manipulation/mujoco_manipulation/install/armos_interfaces/include/armos_interfaces/armos_interfaces/srv\n'}
[14.250294] (armos_interfaces) StdoutLine: {'line': b'-- Up-to-date: /home/krishnapranav/mj_manipulation/mujoco_manipulation/install/armos_interfaces/include/armos_interfaces/armos_interfaces/srv/detail\n'}
[14.250428] (armos_interfaces) StdoutLine: {'line': b'-- Up-to-date: /home/krishnapranav/mj_manipulation/mujoco_manipulation/install/armos_interfaces/include/armos_interfaces/armos_interfaces/srv/detail/armos_set_mode__type_support.c\n'}
[14.250565] (armos_interfaces) StdoutLine: {'line': b'-- Installing: /home/krishnapranav/mj_manipulation/mujoco_manipulation/install/armos_interfaces/include/armos_interfaces/armos_interfaces/srv/detail/armos_set_gripper__rosidl_typesupport_introspection_c.h\n'}
[14.250729] (armos_interfaces) StdoutLine: {'line': b'-- Installing: /home/krishnapranav/mj_manipulation/mujoco_manipulation/install/armos_interfaces/include/armos_interfaces/armos_interfaces/srv/detail/armos_set_gripper__type_support.c\n'}
[14.251025] (armos_interfaces) StdoutLine: {'line': b'-- Up-to-date: /home/krishnapranav/mj_manipulation/mujoco_manipulation/install/armos_interfaces/include/armos_interfaces/armos_interfaces/srv/detail/armos_set_mode__rosidl_typesupport_introspection_c.h\n'}
[14.251710] (armos_interfaces) StdoutLine: {'line': b'-- Installing: /home/krishnapranav/mj_manipulation/mujoco_manipulation/install/armos_interfaces/lib/libarmos_interfaces__rosidl_typesupport_introspection_c.so\n'}
[14.252405] (armos_interfaces) StdoutLine: {'line': b'-- Set runtime path of "/home/krishnapranav/mj_manipulation/mujoco_manipulation/install/armos_interfaces/lib/libarmos_interfaces__rosidl_typesupport_introspection_c.so" to ""\n'}
[14.253164] (armos_interfaces) StdoutLine: {'line': b'-- Installing: /home/krishnapranav/mj_manipulation/mujoco_manipulation/install/armos_interfaces/lib/libarmos_interfaces__rosidl_typesupport_c.so\n'}
[14.254016] (armos_interfaces) StdoutLine: {'line': b'-- Set runtime path of "/home/krishnapranav/mj_manipulation/mujoco_manipulation/install/armos_interfaces/lib/libarmos_interfaces__rosidl_typesupport_c.so" to ""\n'}
[14.254683] (armos_interfaces) StdoutLine: {'line': b'-- Up-to-date: /home/krishnapranav/mj_manipulation/mujoco_manipulation/install/armos_interfaces/include/armos_interfaces/armos_interfaces\n'}
[14.255006] (armos_interfaces) StdoutLine: {'line': b'-- Up-to-date: /home/krishnapranav/mj_manipulation/mujoco_manipulation/install/armos_interfaces/include/armos_interfaces/armos_interfaces/msg\n'}
[14.255792] (armos_interfaces) StdoutLine: {'line': b'-- Up-to-date: /home/krishnapranav/mj_manipulation/mujoco_manipulation/install/armos_interfaces/include/armos_interfaces/armos_interfaces/msg/rosidl_generator_cpp__visibility_control.hpp\n'}
[14.256133] (armos_interfaces) StdoutLine: {'line': b'-- Installing: /home/krishnapranav/mj_manipulation/mujoco_manipulation/install/armos_interfaces/include/armos_interfaces/armos_interfaces/msg/armos_cart_control.hpp\n'}
[14.256337] (armos_interfaces) StdoutLine: {'line': b'-- Up-to-date: /home/krishnapranav/mj_manipulation/mujoco_manipulation/install/armos_interfaces/include/armos_interfaces/armos_interfaces/msg/detail\n'}
[14.258364] (armos_interfaces) StdoutLine: {'line': b'-- Installing: /home/krishnapranav/mj_manipulation/mujoco_manipulation/install/armos_interfaces/include/armos_interfaces/armos_interfaces/msg/detail/armos_cart_control__builder.hpp\n'}
[14.258724] (armos_interfaces) StdoutLine: {'line': b'-- Installing: /home/krishnapranav/mj_manipulation/mujoco_manipulation/install/armos_interfaces/include/armos_interfaces/armos_interfaces/msg/detail/armos_joint_control__type_support.hpp\n'}
[14.258956] (armos_interfaces) StdoutLine: {'line': b'-- Installing: /home/krishnapranav/mj_manipulation/mujoco_manipulation/install/armos_interfaces/include/armos_interfaces/armos_interfaces/msg/detail/armos_cart_control__traits.hpp\n'}
[14.259154] (armos_interfaces) StdoutLine: {'line': b'-- Installing: /home/krishnapranav/mj_manipulation/mujoco_manipulation/install/armos_interfaces/include/armos_interfaces/armos_interfaces/msg/detail/armos_joint_control__struct.hpp\n'}
[14.259350] (armos_interfaces) StdoutLine: {'line': b'-- Installing: /home/krishnapranav/mj_manipulation/mujoco_manipulation/install/armos_interfaces/include/armos_interfaces/armos_interfaces/msg/detail/armos_telemetry__traits.hpp\n'}
[14.259547] (armos_interfaces) StdoutLine: {'line': b'-- Installing: /home/krishnapranav/mj_manipulation/mujoco_manipulation/install/armos_interfaces/include/armos_interfaces/armos_interfaces/msg/detail/armos_joint_control__builder.hpp\n'}
[14.259824] (armos_interfaces) StdoutLine: {'line': b'-- Installing: /home/krishnapranav/mj_manipulation/mujoco_manipulation/install/armos_interfaces/include/armos_interfaces/armos_interfaces/msg/detail/armos_telemetry__type_support.hpp\n'}
[14.260061] (armos_interfaces) StdoutLine: {'line': b'-- Installing: /home/krishnapranav/mj_manipulation/mujoco_manipulation/install/armos_interfaces/include/armos_interfaces/armos_interfaces/msg/detail/armos_telemetry__builder.hpp\n'}
[14.260279] (armos_interfaces) StdoutLine: {'line': b'-- Installing: /home/krishnapranav/mj_manipulation/mujoco_manipulation/install/armos_interfaces/include/armos_interfaces/armos_interfaces/msg/detail/armos_joint_control__traits.hpp\n'}
[14.260500] (armos_interfaces) StdoutLine: {'line': b'-- Installing: /home/krishnapranav/mj_manipulation/mujoco_manipulation/install/armos_interfaces/include/armos_interfaces/armos_interfaces/msg/detail/armos_cart_control__type_support.hpp\n'}
[14.260756] (armos_interfaces) StdoutLine: {'line': b'-- Installing: /home/krishnapranav/mj_manipulation/mujoco_manipulation/install/armos_interfaces/include/armos_interfaces/armos_interfaces/msg/detail/armos_telemetry__struct.hpp\n'}
[14.261010] (armos_interfaces) StdoutLine: {'line': b'-- Installing: /home/krishnapranav/mj_manipulation/mujoco_manipulation/install/armos_interfaces/include/armos_interfaces/armos_interfaces/msg/detail/armos_cart_control__struct.hpp\n'}
[14.261508] (armos_interfaces) StdoutLine: {'line': b'-- Installing: /home/krishnapranav/mj_manipulation/mujoco_manipulation/install/armos_interfaces/include/armos_interfaces/armos_interfaces/msg/armos_telemetry.hpp\n'}
[14.262082] (armos_interfaces) StdoutLine: {'line': b'-- Installing: /home/krishnapranav/mj_manipulation/mujoco_manipulation/install/armos_interfaces/include/armos_interfaces/armos_interfaces/msg/armos_joint_control.hpp\n'}
[14.262387] (armos_interfaces) StdoutLine: {'line': b'-- Up-to-date: /home/krishnapranav/mj_manipulation/mujoco_manipulation/install/armos_interfaces/include/armos_interfaces/armos_interfaces/srv\n'}
[14.262612] (armos_interfaces) StdoutLine: {'line': b'-- Installing: /home/krishnapranav/mj_manipulation/mujoco_manipulation/install/armos_interfaces/include/armos_interfaces/armos_interfaces/srv/armos_set_gripper.hpp\n'}
[14.262877] (armos_interfaces) StdoutLine: {'line': b'-- Up-to-date: /home/krishnapranav/mj_manipulation/mujoco_manipulation/install/armos_interfaces/include/armos_interfaces/armos_interfaces/srv/armos_set_mode.hpp\n'}
[14.263150] (armos_interfaces) StdoutLine: {'line': b'-- Up-to-date: /home/krishnapranav/mj_manipulation/mujoco_manipulation/install/armos_interfaces/include/armos_interfaces/armos_interfaces/srv/detail\n'}
[14.263387] (armos_interfaces) StdoutLine: {'line': b'-- Up-to-date: /home/krishnapranav/mj_manipulation/mujoco_manipulation/install/armos_interfaces/include/armos_interfaces/armos_interfaces/srv/detail/armos_set_mode__struct.hpp\n'}
[14.263615] (armos_interfaces) StdoutLine: {'line': b'-- Up-to-date: /home/krishnapranav/mj_manipulation/mujoco_manipulation/install/armos_interfaces/include/armos_interfaces/armos_interfaces/srv/detail/armos_set_mode__builder.hpp\n'}
[14.263870] (armos_interfaces) StdoutLine: {'line': b'-- Installing: /home/krishnapranav/mj_manipulation/mujoco_manipulation/install/armos_interfaces/include/armos_interfaces/armos_interfaces/srv/detail/armos_set_gripper__builder.hpp\n'}
[14.264093] (armos_interfaces) StdoutLine: {'line': b'-- Up-to-date: /home/krishnapranav/mj_manipulation/mujoco_manipulation/install/armos_interfaces/include/armos_interfaces/armos_interfaces/srv/detail/armos_set_mode__type_support.hpp\n'}
[14.264304] (armos_interfaces) StdoutLine: {'line': b'-- Installing: /home/krishnapranav/mj_manipulation/mujoco_manipulation/install/armos_interfaces/include/armos_interfaces/armos_interfaces/srv/detail/armos_set_gripper__traits.hpp\n'}
[14.264580] (armos_interfaces) StdoutLine: {'line': b'-- Installing: /home/krishnapranav/mj_manipulation/mujoco_manipulation/install/armos_interfaces/include/armos_interfaces/armos_interfaces/srv/detail/armos_set_gripper__type_support.hpp\n'}
[14.264886] (armos_interfaces) StdoutLine: {'line': b'-- Installing: /home/krishnapranav/mj_manipulation/mujoco_manipulation/install/armos_interfaces/include/armos_interfaces/armos_interfaces/srv/detail/armos_set_gripper__struct.hpp\n'}
[14.265136] (armos_interfaces) StdoutLine: {'line': b'-- Up-to-date: /home/krishnapranav/mj_manipulation/mujoco_manipulation/install/armos_interfaces/include/armos_interfaces/armos_interfaces/srv/detail/armos_set_mode__traits.hpp\n'}
[14.265373] (armos_interfaces) StdoutLine: {'line': b'-- Up-to-date: /home/krishnapranav/mj_manipulation/mujoco_manipulation/install/armos_interfaces/include/armos_interfaces/armos_interfaces\n'}
[14.265640] (armos_interfaces) StdoutLine: {'line': b'-- Up-to-date: /home/krishnapranav/mj_manipulation/mujoco_manipulation/install/armos_interfaces/include/armos_interfaces/armos_interfaces/msg\n'}
[14.267295] (armos_interfaces) StdoutLine: {'line': b'-- Up-to-date: /home/krishnapranav/mj_manipulation/mujoco_manipulation/install/armos_interfaces/include/armos_interfaces/armos_interfaces/msg/rosidl_typesupport_fastrtps_cpp__visibility_control.h\n'}
[14.268441] (armos_interfaces) StdoutLine: {'line': b'-- Up-to-date: /home/krishnapranav/mj_manipulation/mujoco_manipulation/install/armos_interfaces/include/armos_interfaces/armos_interfaces/msg/detail\n'}
[14.268872] (armos_interfaces) StdoutLine: {'line': b'-- Installing: /home/krishnapranav/mj_manipulation/mujoco_manipulation/install/armos_interfaces/include/armos_interfaces/armos_interfaces/msg/detail/armos_joint_control__rosidl_typesupport_fastrtps_cpp.hpp\n'}
[14.269165] (armos_interfaces) StdoutLine: {'line': b'-- Installing: /home/krishnapranav/mj_manipulation/mujoco_manipulation/install/armos_interfaces/include/armos_interfaces/armos_interfaces/msg/detail/armos_telemetry__rosidl_typesupport_fastrtps_cpp.hpp\n'}
[14.269378] (armos_interfaces) StdoutLine: {'line': b'-- Installing: /home/krishnapranav/mj_manipulation/mujoco_manipulation/install/armos_interfaces/include/armos_interfaces/armos_interfaces/msg/detail/armos_cart_control__rosidl_typesupport_fastrtps_cpp.hpp\n'}
[14.269584] (armos_interfaces) StdoutLine: {'line': b'-- Up-to-date: /home/krishnapranav/mj_manipulation/mujoco_manipulation/install/armos_interfaces/include/armos_interfaces/armos_interfaces/msg/detail/dds_fastrtps\n'}
[14.269826] (armos_interfaces) StdoutLine: {'line': b'-- Up-to-date: /home/krishnapranav/mj_manipulation/mujoco_manipulation/install/armos_interfaces/include/armos_interfaces/armos_interfaces/srv\n'}
[14.270037] (armos_interfaces) StdoutLine: {'line': b'-- Up-to-date: /home/krishnapranav/mj_manipulation/mujoco_manipulation/install/armos_interfaces/include/armos_interfaces/armos_interfaces/srv/detail\n'}
[14.270442] (armos_interfaces) StdoutLine: {'line': b'-- Up-to-date: /home/krishnapranav/mj_manipulation/mujoco_manipulation/install/armos_interfaces/include/armos_interfaces/armos_interfaces/srv/detail/armos_set_mode__rosidl_typesupport_fastrtps_cpp.hpp\n'}
[14.270686] (armos_interfaces) StdoutLine: {'line': b'-- Up-to-date: /home/krishnapranav/mj_manipulation/mujoco_manipulation/install/armos_interfaces/include/armos_interfaces/armos_interfaces/srv/detail/dds_fastrtps\n'}
[14.270923] (armos_interfaces) StdoutLine: {'line': b'-- Installing: /home/krishnapranav/mj_manipulation/mujoco_manipulation/install/armos_interfaces/include/armos_interfaces/armos_interfaces/srv/detail/armos_set_gripper__rosidl_typesupport_fastrtps_cpp.hpp\n'}
[14.271133] (armos_interfaces) StdoutLine: {'line': b'-- Installing: /home/krishnapranav/mj_manipulation/mujoco_manipulation/install/armos_interfaces/lib/libarmos_interfaces__rosidl_typesupport_fastrtps_cpp.so\n'}
[14.271412] (armos_interfaces) StdoutLine: {'line': b'-- Set runtime path of "/home/krishnapranav/mj_manipulation/mujoco_manipulation/install/armos_interfaces/lib/libarmos_interfaces__rosidl_typesupport_fastrtps_cpp.so" to ""\n'}
[14.271645] (armos_interfaces) StdoutLine: {'line': b'-- Up-to-date: /home/krishnapranav/mj_manipulation/mujoco_manipulation/install/armos_interfaces/include/armos_interfaces/armos_interfaces\n'}
[14.271887] (armos_interfaces) StdoutLine: {'line': b'-- Up-to-date: /home/krishnapranav/mj_manipulation/mujoco_manipulation/install/armos_interfaces/include/armos_interfaces/armos_interfaces/msg\n'}
[14.272103] (armos_interfaces) StdoutLine: {'line': b'-- Up-to-date: /home/krishnapranav/mj_manipulation/mujoco_manipulation/install/armos_interfaces/include/armos_interfaces/armos_interfaces/msg/detail\n'}
[14.272299] (armos_interfaces) StdoutLine: {'line': b'-- Installing: /home/krishnapranav/mj_manipulation/mujoco_manipulation/install/armos_interfaces/include/armos_interfaces/armos_interfaces/msg/detail/armos_telemetry__rosidl_typesupport_introspection_cpp.hpp\n'}
[14.272492] (armos_interfaces) StdoutLine: {'line': b'-- Installing: /home/krishnapranav/mj_manipulation/mujoco_manipulation/install/armos_interfaces/include/armos_interfaces/armos_interfaces/msg/detail/armos_telemetry__type_support.cpp\n'}
[14.273117] (armos_interfaces) StdoutLine: {'line': b'-- Installing: /home/krishnapranav/mj_manipulation/mujoco_manipulation/install/armos_interfaces/include/armos_interfaces/armos_interfaces/msg/detail/armos_cart_control__type_support.cpp\n'}
[14.273392] (armos_interfaces) StdoutLine: {'line': b'-- Installing: /home/krishnapranav/mj_manipulation/mujoco_manipulation/install/armos_interfaces/include/armos_interfaces/armos_interfaces/msg/detail/armos_joint_control__rosidl_typesupport_introspection_cpp.hpp\n'}
[14.273903] (armos_interfaces) StdoutLine: {'line': b'-- Installing: /home/krishnapranav/mj_manipulation/mujoco_manipulation/install/armos_interfaces/include/armos_interfaces/armos_interfaces/msg/detail/armos_joint_control__type_support.cpp\n'}
[14.274432] (armos_interfaces) StdoutLine: {'line': b'-- Installing: /home/krishnapranav/mj_manipulation/mujoco_manipulation/install/armos_interfaces/include/armos_interfaces/armos_interfaces/msg/detail/armos_cart_control__rosidl_typesupport_introspection_cpp.hpp\n'}
[14.274796] (armos_interfaces) StdoutLine: {'line': b'-- Up-to-date: /home/krishnapranav/mj_manipulation/mujoco_manipulation/install/armos_interfaces/include/armos_interfaces/armos_interfaces/srv\n'}
[14.275019] (armos_interfaces) StdoutLine: {'line': b'-- Up-to-date: /home/krishnapranav/mj_manipulation/mujoco_manipulation/install/armos_interfaces/include/armos_interfaces/armos_interfaces/srv/detail\n'}
[14.275217] (armos_interfaces) StdoutLine: {'line': b'-- Up-to-date: /home/krishnapranav/mj_manipulation/mujoco_manipulation/install/armos_interfaces/include/armos_interfaces/armos_interfaces/srv/detail/armos_set_mode__type_support.cpp\n'}
[14.275447] (armos_interfaces) StdoutLine: {'line': b'-- Up-to-date: /home/krishnapranav/mj_manipulation/mujoco_manipulation/install/armos_interfaces/include/armos_interfaces/armos_interfaces/srv/detail/armos_set_mode__rosidl_typesupport_introspection_cpp.hpp\n'}
[14.275658] (armos_interfaces) StdoutLine: {'line': b'-- Installing: /home/krishnapranav/mj_manipulation/mujoco_manipulation/install/armos_interfaces/include/armos_interfaces/armos_interfaces/srv/detail/armos_set_gripper__type_support.cpp\n'}
[14.275927] (armos_interfaces) StdoutLine: {'line': b'-- Installing: /home/krishnapranav/mj_manipulation/mujoco_manipulation/install/armos_interfaces/include/armos_interfaces/armos_interfaces/srv/detail/armos_set_gripper__rosidl_typesupport_introspection_cpp.hpp\n'}
[14.276193] (armos_interfaces) StdoutLine: {'line': b'-- Installing: /home/krishnapranav/mj_manipulation/mujoco_manipulation/install/armos_interfaces/lib/libarmos_interfaces__rosidl_typesupport_introspection_cpp.so\n'}
[14.278320] (armos_interfaces) StdoutLine: {'line': b'-- Set runtime path of "/home/krishnapranav/mj_manipulation/mujoco_manipulation/install/armos_interfaces/lib/libarmos_interfaces__rosidl_typesupport_introspection_cpp.so" to ""\n'}
[14.279068] (armos_interfaces) StdoutLine: {'line': b'-- Installing: /home/krishnapranav/mj_manipulation/mujoco_manipulation/install/armos_interfaces/lib/libarmos_interfaces__rosidl_typesupport_cpp.so\n'}
[14.279412] (armos_interfaces) StdoutLine: {'line': b'-- Set runtime path of "/home/krishnapranav/mj_manipulation/mujoco_manipulation/install/armos_interfaces/lib/libarmos_interfaces__rosidl_typesupport_cpp.so" to ""\n'}
[14.279643] (armos_interfaces) StdoutLine: {'line': b'-- Up-to-date: /home/krishnapranav/mj_manipulation/mujoco_manipulation/install/armos_interfaces/share/armos_interfaces/environment/pythonpath.sh\n'}
[14.279972] (armos_interfaces) StdoutLine: {'line': b'-- Installing: /home/krishnapranav/mj_manipulation/mujoco_manipulation/install/armos_interfaces/share/armos_interfaces/environment/pythonpath.dsv\n'}
[14.280210] (armos_interfaces) StdoutLine: {'line': b'-- Up-to-date: /home/krishnapranav/mj_manipulation/mujoco_manipulation/install/armos_interfaces/lib/python3.10/site-packages/armos_interfaces-0.0.0-py3.10.egg-info\n'}
[14.280565] (armos_interfaces) StdoutLine: {'line': b'-- Installing: /home/krishnapranav/mj_manipulation/mujoco_manipulation/install/armos_interfaces/lib/python3.10/site-packages/armos_interfaces-0.0.0-py3.10.egg-info/PKG-INFO\n'}
[14.280862] (armos_interfaces) StdoutLine: {'line': b'-- Installing: /home/krishnapranav/mj_manipulation/mujoco_manipulation/install/armos_interfaces/lib/python3.10/site-packages/armos_interfaces-0.0.0-py3.10.egg-info/top_level.txt\n'}
[14.281143] (armos_interfaces) StdoutLine: {'line': b'-- Installing: /home/krishnapranav/mj_manipulation/mujoco_manipulation/install/armos_interfaces/lib/python3.10/site-packages/armos_interfaces-0.0.0-py3.10.egg-info/dependency_links.txt\n'}
[14.281374] (armos_interfaces) StdoutLine: {'line': b'-- Installing: /home/krishnapranav/mj_manipulation/mujoco_manipulation/install/armos_interfaces/lib/python3.10/site-packages/armos_interfaces-0.0.0-py3.10.egg-info/SOURCES.txt\n'}
[14.281587] (armos_interfaces) StdoutLine: {'line': b'-- Up-to-date: /home/krishnapranav/mj_manipulation/mujoco_manipulation/install/armos_interfaces/lib/python3.10/site-packages/armos_interfaces\n'}
[14.281811] (armos_interfaces) StdoutLine: {'line': b'-- Installing: /home/krishnapranav/mj_manipulation/mujoco_manipulation/install/armos_interfaces/lib/python3.10/site-packages/armos_interfaces/armos_interfaces_s__rosidl_typesupport_introspection_c.cpython-310-x86_64-linux-gnu.so\n'}
[14.282021] (armos_interfaces) StdoutLine: {'line': b'-- Installing: /home/krishnapranav/mj_manipulation/mujoco_manipulation/install/armos_interfaces/lib/python3.10/site-packages/armos_interfaces/_armos_interfaces_s.ep.rosidl_typesupport_fastrtps_c.c\n'}
[14.282225] (armos_interfaces) StdoutLine: {'line': b'-- Installing: /home/krishnapranav/mj_manipulation/mujoco_manipulation/install/armos_interfaces/lib/python3.10/site-packages/armos_interfaces/libarmos_interfaces__rosidl_generator_py.so\n'}
[14.282427] (armos_interfaces) StdoutLine: {'line': b'-- Installing: /home/krishnapranav/mj_manipulation/mujoco_manipulation/install/armos_interfaces/lib/python3.10/site-packages/armos_interfaces/_armos_interfaces_s.ep.rosidl_typesupport_introspection_c.c\n'}
[14.282632] (armos_interfaces) StdoutLine: {'line': b'-- Installing: /home/krishnapranav/mj_manipulation/mujoco_manipulation/install/armos_interfaces/lib/python3.10/site-packages/armos_interfaces/armos_interfaces_s__rosidl_typesupport_fastrtps_c.cpython-310-x86_64-linux-gnu.so\n'}
[14.282902] (armos_interfaces) StdoutLine: {'line': b'-- Installing: /home/krishnapranav/mj_manipulation/mujoco_manipulation/install/armos_interfaces/lib/python3.10/site-packages/armos_interfaces/__init__.py\n'}
[14.283109] (armos_interfaces) StdoutLine: {'line': b'-- Installing: /home/krishnapranav/mj_manipulation/mujoco_manipulation/install/armos_interfaces/lib/python3.10/site-packages/armos_interfaces/armos_interfaces_s__rosidl_typesupport_c.cpython-310-x86_64-linux-gnu.so\n'}
[14.283309] (armos_interfaces) StdoutLine: {'line': b'-- Installing: /home/krishnapranav/mj_manipulation/mujoco_manipulation/install/armos_interfaces/lib/python3.10/site-packages/armos_interfaces/_armos_interfaces_s.ep.rosidl_typesupport_c.c\n'}
[14.283554] (armos_interfaces) StdoutLine: {'line': b'-- Up-to-date: /home/krishnapranav/mj_manipulation/mujoco_manipulation/install/armos_interfaces/lib/python3.10/site-packages/armos_interfaces/msg\n'}
[14.283801] (armos_interfaces) StdoutLine: {'line': b'-- Installing: /home/krishnapranav/mj_manipulation/mujoco_manipulation/install/armos_interfaces/lib/python3.10/site-packages/armos_interfaces/msg/_armos_joint_control.py\n'}
[14.284019] (armos_interfaces) StdoutLine: {'line': b'-- Installing: /home/krishnapranav/mj_manipulation/mujoco_manipulation/install/armos_interfaces/lib/python3.10/site-packages/armos_interfaces/msg/_armos_telemetry.py\n'}
[14.284227] (armos_interfaces) StdoutLine: {'line': b'-- Installing: /home/krishnapranav/mj_manipulation/mujoco_manipulation/install/armos_interfaces/lib/python3.10/site-packages/armos_interfaces/msg/_armos_cart_control.py\n'}
[14.285332] (armos_interfaces) StdoutLine: {'line': b'-- Installing: /home/krishnapranav/mj_manipulation/mujoco_manipulation/install/armos_interfaces/lib/python3.10/site-packages/armos_interfaces/msg/_armos_cart_control_s.c\n'}
[14.285704] (armos_interfaces) StdoutLine: {'line': b'-- Installing: /home/krishnapranav/mj_manipulation/mujoco_manipulation/install/armos_interfaces/lib/python3.10/site-packages/armos_interfaces/msg/__init__.py\n'}
[14.285951] (armos_interfaces) StdoutLine: {'line': b'-- Installing: /home/krishnapranav/mj_manipulation/mujoco_manipulation/install/armos_interfaces/lib/python3.10/site-packages/armos_interfaces/msg/_armos_telemetry_s.c\n'}
[14.286181] (armos_interfaces) StdoutLine: {'line': b'-- Installing: /home/krishnapranav/mj_manipulation/mujoco_manipulation/install/armos_interfaces/lib/python3.10/site-packages/armos_interfaces/msg/_armos_joint_control_s.c\n'}
[14.286378] (armos_interfaces) StdoutLine: {'line': b'-- Up-to-date: /home/krishnapranav/mj_manipulation/mujoco_manipulation/install/armos_interfaces/lib/python3.10/site-packages/armos_interfaces/srv\n'}
[14.286566] (armos_interfaces) StdoutLine: {'line': b'-- Installing: /home/krishnapranav/mj_manipulation/mujoco_manipulation/install/armos_interfaces/lib/python3.10/site-packages/armos_interfaces/srv/_armos_set_gripper_s.c\n'}
[14.286784] (armos_interfaces) StdoutLine: {'line': b'-- Installing: /home/krishnapranav/mj_manipulation/mujoco_manipulation/install/armos_interfaces/lib/python3.10/site-packages/armos_interfaces/srv/__init__.py\n'}
[14.286982] (armos_interfaces) StdoutLine: {'line': b'-- Installing: /home/krishnapranav/mj_manipulation/mujoco_manipulation/install/armos_interfaces/lib/python3.10/site-packages/armos_interfaces/srv/_armos_set_gripper.py\n'}
[14.287169] (armos_interfaces) StdoutLine: {'line': b'-- Up-to-date: /home/krishnapranav/mj_manipulation/mujoco_manipulation/install/armos_interfaces/lib/python3.10/site-packages/armos_interfaces/srv/_armos_set_mode.py\n'}
[14.287359] (armos_interfaces) StdoutLine: {'line': b'-- Up-to-date: /home/krishnapranav/mj_manipulation/mujoco_manipulation/install/armos_interfaces/lib/python3.10/site-packages/armos_interfaces/srv/_armos_set_mode_s.c\n'}
[14.346229] (-) TimerEvent: {}
[14.421329] (armos_interfaces) StdoutLine: {'line': b"Listing '/home/krishnapranav/mj_manipulation/mujoco_manipulation/install/armos_interfaces/lib/python3.10/site-packages/armos_interfaces'...\n"}
[14.421723] (armos_interfaces) StdoutLine: {'line': b"Compiling '/home/krishnapranav/mj_manipulation/mujoco_manipulation/install/armos_interfaces/lib/python3.10/site-packages/armos_interfaces/__init__.py'...\n"}
[14.421890] (armos_interfaces) StdoutLine: {'line': b"Listing '/home/krishnapranav/mj_manipulation/mujoco_manipulation/install/armos_interfaces/lib/python3.10/site-packages/armos_interfaces/msg'...\n"}
[14.422020] (armos_interfaces) StdoutLine: {'line': b"Compiling '/home/krishnapranav/mj_manipulation/mujoco_manipulation/install/armos_interfaces/lib/python3.10/site-packages/armos_interfaces/msg/__init__.py'...\n"}
[14.422148] (armos_interfaces) StdoutLine: {'line': b"Compiling '/home/krishnapranav/mj_manipulation/mujoco_manipulation/install/armos_interfaces/lib/python3.10/site-packages/armos_interfaces/msg/_armos_cart_control.py'...\n"}
[14.422275] (armos_interfaces) StdoutLine: {'line': b"Compiling '/home/krishnapranav/mj_manipulation/mujoco_manipulation/install/armos_interfaces/lib/python3.10/site-packages/armos_interfaces/msg/_armos_joint_control.py'...\n"}
[14.422395] (armos_interfaces) StdoutLine: {'line': b"Compiling '/home/krishnapranav/mj_manipulation/mujoco_manipulation/install/armos_interfaces/lib/python3.10/site-packages/armos_interfaces/msg/_armos_telemetry.py'...\n"}
[14.422513] (armos_interfaces) StdoutLine: {'line': b"Listing '/home/krishnapranav/mj_manipulation/mujoco_manipulation/install/armos_interfaces/lib/python3.10/site-packages/armos_interfaces/srv'...\n"}
[14.422640] (armos_interfaces) StdoutLine: {'line': b"Compiling '/home/krishnapranav/mj_manipulation/mujoco_manipulation/install/armos_interfaces/lib/python3.10/site-packages/armos_interfaces/srv/__init__.py'...\n"}
[14.422793] (armos_interfaces) StdoutLine: {'line': b"Compiling '/home/krishnapranav/mj_manipulation/mujoco_manipulation/install/armos_interfaces/lib/python3.10/site-packages/armos_interfaces/srv/_armos_set_gripper.py'...\n"}
[14.440474] (armos_interfaces) StdoutLine: {'line': b'-- Installing: /home/krishnapranav/mj_manipulation/mujoco_manipulation/install/armos_interfaces/lib/python3.10/site-packages/armos_interfaces/armos_interfaces_s__rosidl_typesupport_fastrtps_c.cpython-310-x86_64-linux-gnu.so\n'}
[14.440910] (armos_interfaces) StdoutLine: {'line': b'-- Set runtime path of "/home/krishnapranav/mj_manipulation/mujoco_manipulation/install/armos_interfaces/lib/python3.10/site-packages/armos_interfaces/armos_interfaces_s__rosidl_typesupport_fastrtps_c.cpython-310-x86_64-linux-gnu.so" to ""\n'}
[14.441149] (armos_interfaces) StdoutLine: {'line': b'-- Installing: /home/krishnapranav/mj_manipulation/mujoco_manipulation/install/armos_interfaces/lib/python3.10/site-packages/armos_interfaces/armos_interfaces_s__rosidl_typesupport_introspection_c.cpython-310-x86_64-linux-gnu.so\n'}
[14.441341] (armos_interfaces) StdoutLine: {'line': b'-- Set runtime path of "/home/krishnapranav/mj_manipulation/mujoco_manipulation/install/armos_interfaces/lib/python3.10/site-packages/armos_interfaces/armos_interfaces_s__rosidl_typesupport_introspection_c.cpython-310-x86_64-linux-gnu.so" to ""\n'}
[14.442705] (armos_interfaces) StdoutLine: {'line': b'-- Installing: /home/krishnapranav/mj_manipulation/mujoco_manipulation/install/armos_interfaces/lib/python3.10/site-packages/armos_interfaces/armos_interfaces_s__rosidl_typesupport_c.cpython-310-x86_64-linux-gnu.so\n'}
[14.445127] (armos_interfaces) StdoutLine: {'line': b'-- Set runtime path of "/home/krishnapranav/mj_manipulation/mujoco_manipulation/install/armos_interfaces/lib/python3.10/site-packages/armos_interfaces/armos_interfaces_s__rosidl_typesupport_c.cpython-310-x86_64-linux-gnu.so" to ""\n'}
[14.446340] (-) TimerEvent: {}
[14.447238] (armos_interfaces) StdoutLine: {'line': b'-- Installing: /home/krishnapranav/mj_manipulation/mujoco_manipulation/install/armos_interfaces/lib/libarmos_interfaces__rosidl_generator_py.so\n'}
[14.450499] (armos_interfaces) StdoutLine: {'line': b'-- Set runtime path of "/home/krishnapranav/mj_manipulation/mujoco_manipulation/install/armos_interfaces/lib/libarmos_interfaces__rosidl_generator_py.so" to ""\n'}
[14.451405] (armos_interfaces) StdoutLine: {'line': b'-- Up-to-date: /home/krishnapranav/mj_manipulation/mujoco_manipulation/install/armos_interfaces/share/armos_interfaces/msg/ArmosTelemetry.idl\n'}
[14.451988] (armos_interfaces) StdoutLine: {'line': b'-- Up-to-date: /home/krishnapranav/mj_manipulation/mujoco_manipulation/install/armos_interfaces/share/armos_interfaces/msg/ArmosJointControl.idl\n'}
[14.452312] (armos_interfaces) StdoutLine: {'line': b'-- Up-to-date: /home/krishnapranav/mj_manipulation/mujoco_manipulation/install/armos_interfaces/share/armos_interfaces/msg/ArmosCartControl.idl\n'}
[14.452717] (armos_interfaces) StdoutLine: {'line': b'-- Installing: /home/krishnapranav/mj_manipulation/mujoco_manipulation/install/armos_interfaces/share/armos_interfaces/srv/ArmosSetGripper.idl\n'}
[14.452970] (armos_interfaces) StdoutLine: {'line': b'-- Up-to-date: /home/krishnapranav/mj_manipulation/mujoco_manipulation/install/armos_interfaces/share/armos_interfaces/msg/ArmosTelemetry.msg\n'}
[14.453354] (armos_interfaces) StdoutLine: {'line': b'-- Up-to-date: /home/krishnapranav/mj_manipulation/mujoco_manipulation/install/armos_interfaces/share/armos_interfaces/msg/ArmosJointControl.msg\n'}
[14.453745] (armos_interfaces) StdoutLine: {'line': b'-- Up-to-date: /home/krishnapranav/mj_manipulation/mujoco_manipulation/install/armos_interfaces/share/armos_interfaces/msg/ArmosCartControl.msg\n'}
[14.454122] (armos_interfaces) StdoutLine: {'line': b'-- Installing: /home/krishnapranav/mj_manipulation/mujoco_manipulation/install/armos_interfaces/share/armos_interfaces/srv/ArmosSetGripper.srv\n'}
[14.454371] (armos_interfaces) StdoutLine: {'line': b'-- Installing: /home/krishnapranav/mj_manipulation/mujoco_manipulation/install/armos_interfaces/share/armos_interfaces/srv/ArmosSetGripper_Request.msg\n'}
[14.454803] (armos_interfaces) StdoutLine: {'line': b'-- Installing: /home/krishnapranav/mj_manipulation/mujoco_manipulation/install/armos_interfaces/share/armos_interfaces/srv/ArmosSetGripper_Response.msg\n'}
[14.455049] (armos_interfaces) StdoutLine: {'line': b'-- Up-to-date: /home/krishnapranav/mj_manipulation/mujoco_manipulation/install/armos_interfaces/share/ament_index/resource_index/package_run_dependencies/armos_interfaces\n'}
[14.455313] (armos_interfaces) StdoutLine: {'line': b'-- Installing: /home/krishnapranav/mj_manipulation/mujoco_manipulation/install/armos_interfaces/share/ament_index/resource_index/parent_prefix_path/armos_interfaces\n'}
[14.455536] (armos_interfaces) StdoutLine: {'line': b'-- Up-to-date: /home/krishnapranav/mj_manipulation/mujoco_manipulation/install/armos_interfaces/share/armos_interfaces/environment/ament_prefix_path.sh\n'}
[14.455772] (armos_interfaces) StdoutLine: {'line': b'-- Installing: /home/krishnapranav/mj_manipulation/mujoco_manipulation/install/armos_interfaces/share/armos_interfaces/environment/ament_prefix_path.dsv\n'}
[14.456007] (armos_interfaces) StdoutLine: {'line': b'-- Up-to-date: /home/krishnapranav/mj_manipulation/mujoco_manipulation/install/armos_interfaces/share/armos_interfaces/environment/path.sh\n'}
[14.456222] (armos_interfaces) StdoutLine: {'line': b'-- Installing: /home/krishnapranav/mj_manipulation/mujoco_manipulation/install/armos_interfaces/share/armos_interfaces/environment/path.dsv\n'}
[14.456755] (armos_interfaces) StdoutLine: {'line': b'-- Up-to-date: /home/krishnapranav/mj_manipulation/mujoco_manipulation/install/armos_interfaces/share/armos_interfaces/local_setup.bash\n'}
[14.457063] (armos_interfaces) StdoutLine: {'line': b'-- Up-to-date: /home/krishnapranav/mj_manipulation/mujoco_manipulation/install/armos_interfaces/share/armos_interfaces/local_setup.sh\n'}
[14.457338] (armos_interfaces) StdoutLine: {'line': b'-- Up-to-date: /home/krishnapranav/mj_manipulation/mujoco_manipulation/install/armos_interfaces/share/armos_interfaces/local_setup.zsh\n'}
[14.457570] (armos_interfaces) StdoutLine: {'line': b'-- Installing: /home/krishnapranav/mj_manipulation/mujoco_manipulation/install/armos_interfaces/share/armos_interfaces/local_setup.dsv\n'}
[14.457889] (armos_interfaces) StdoutLine: {'line': b'-- Installing: /home/krishnapranav/mj_manipulation/mujoco_manipulation/install/armos_interfaces/share/armos_interfaces/package.dsv\n'}
[14.458101] (armos_interfaces) StdoutLine: {'line': b'-- Up-to-date: /home/krishnapranav/mj_manipulation/mujoco_manipulation/install/armos_interfaces/share/ament_index/resource_index/packages/armos_interfaces\n'}
[14.460190] (armos_interfaces) StdoutLine: {'line': b'-- Up-to-date: /home/krishnapranav/mj_manipulation/mujoco_manipulation/install/armos_interfaces/share/armos_interfaces/cmake/export_armos_interfaces__rosidl_generator_cExport.cmake\n'}
[14.460702] (armos_interfaces) StdoutLine: {'line': b'-- Up-to-date: /home/krishnapranav/mj_manipulation/mujoco_manipulation/install/armos_interfaces/share/armos_interfaces/cmake/export_armos_interfaces__rosidl_generator_cExport-noconfig.cmake\n'}
[14.461095] (armos_interfaces) StdoutLine: {'line': b'-- Up-to-date: /home/krishnapranav/mj_manipulation/mujoco_manipulation/install/armos_interfaces/share/armos_interfaces/cmake/export_armos_interfaces__rosidl_typesupport_fastrtps_cExport.cmake\n'}
[14.461356] (armos_interfaces) StdoutLine: {'line': b'-- Up-to-date: /home/krishnapranav/mj_manipulation/mujoco_manipulation/install/armos_interfaces/share/armos_interfaces/cmake/export_armos_interfaces__rosidl_typesupport_fastrtps_cExport-noconfig.cmake\n'}
[14.461710] (armos_interfaces) StdoutLine: {'line': b'-- Up-to-date: /home/krishnapranav/mj_manipulation/mujoco_manipulation/install/armos_interfaces/share/armos_interfaces/cmake/armos_interfaces__rosidl_typesupport_introspection_cExport.cmake\n'}
[14.462065] (armos_interfaces) StdoutLine: {'line': b'-- Up-to-date: /home/krishnapranav/mj_manipulation/mujoco_manipulation/install/armos_interfaces/share/armos_interfaces/cmake/armos_interfaces__rosidl_typesupport_introspection_cExport-noconfig.cmake\n'}
[14.462401] (armos_interfaces) StdoutLine: {'line': b'-- Up-to-date: /home/krishnapranav/mj_manipulation/mujoco_manipulation/install/armos_interfaces/share/armos_interfaces/cmake/armos_interfaces__rosidl_typesupport_cExport.cmake\n'}
[14.462655] (armos_interfaces) StdoutLine: {'line': b'-- Up-to-date: /home/krishnapranav/mj_manipulation/mujoco_manipulation/install/armos_interfaces/share/armos_interfaces/cmake/armos_interfaces__rosidl_typesupport_cExport-noconfig.cmake\n'}
[14.463010] (armos_interfaces) StdoutLine: {'line': b'-- Up-to-date: /home/krishnapranav/mj_manipulation/mujoco_manipulation/install/armos_interfaces/share/armos_interfaces/cmake/export_armos_interfaces__rosidl_generator_cppExport.cmake\n'}
[14.463498] (armos_interfaces) StdoutLine: {'line': b'-- Up-to-date: /home/krishnapranav/mj_manipulation/mujoco_manipulation/install/armos_interfaces/share/armos_interfaces/cmake/export_armos_interfaces__rosidl_typesupport_fastrtps_cppExport.cmake\n'}
[14.463888] (armos_interfaces) StdoutLine: {'line': b'-- Up-to-date: /home/krishnapranav/mj_manipulation/mujoco_manipulation/install/armos_interfaces/share/armos_interfaces/cmake/export_armos_interfaces__rosidl_typesupport_fastrtps_cppExport-noconfig.cmake\n'}
[14.464429] (armos_interfaces) StdoutLine: {'line': b'-- Up-to-date: /home/krishnapranav/mj_manipulation/mujoco_manipulation/install/armos_interfaces/share/armos_interfaces/cmake/armos_interfaces__rosidl_typesupport_introspection_cppExport.cmake\n'}
[14.466616] (armos_interfaces) StdoutLine: {'line': b'-- Up-to-date: /home/krishnapranav/mj_manipulation/mujoco_manipulation/install/armos_interfaces/share/armos_interfaces/cmake/armos_interfaces__rosidl_typesupport_introspection_cppExport-noconfig.cmake\n'}
[14.467112] (armos_interfaces) StdoutLine: {'line': b'-- Up-to-date: /home/krishnapranav/mj_manipulation/mujoco_manipulation/install/armos_interfaces/share/armos_interfaces/cmake/armos_interfaces__rosidl_typesupport_cppExport.cmake\n'}
[14.467320] (armos_interfaces) StdoutLine: {'line': b'-- Up-to-date: /home/krishnapranav/mj_manipulation/mujoco_manipulation/install/armos_interfaces/share/armos_interfaces/cmake/armos_interfaces__rosidl_typesupport_cppExport-noconfig.cmake\n'}
[14.467507] (armos_interfaces) StdoutLine: {'line': b'-- Up-to-date: /home/krishnapranav/mj_manipulation/mujoco_manipulation/install/armos_interfaces/share/armos_interfaces/cmake/export_armos_interfaces__rosidl_generator_pyExport.cmake\n'}
[14.467703] (armos_interfaces) StdoutLine: {'line': b'-- Up-to-date: /home/krishnapranav/mj_manipulation/mujoco_manipulation/install/armos_interfaces/share/armos_interfaces/cmake/export_armos_interfaces__rosidl_generator_pyExport-noconfig.cmake\n'}
[14.468039] (armos_interfaces) StdoutLine: {'line': b'-- Installing: /home/krishnapranav/mj_manipulation/mujoco_manipulation/install/armos_interfaces/share/armos_interfaces/cmake/rosidl_cmake-extras.cmake\n'}
[14.468308] (armos_interfaces) StdoutLine: {'line': b'-- Up-to-date: /home/krishnapranav/mj_manipulation/mujoco_manipulation/install/armos_interfaces/share/armos_interfaces/cmake/ament_cmake_export_include_directories-extras.cmake\n'}
[14.468538] (armos_interfaces) StdoutLine: {'line': b'-- Up-to-date: /home/krishnapranav/mj_manipulation/mujoco_manipulation/install/armos_interfaces/share/armos_interfaces/cmake/ament_cmake_export_libraries-extras.cmake\n'}
[14.468738] (armos_interfaces) StdoutLine: {'line': b'-- Up-to-date: /home/krishnapranav/mj_manipulation/mujoco_manipulation/install/armos_interfaces/share/armos_interfaces/cmake/ament_cmake_export_targets-extras.cmake\n'}
[14.469119] (armos_interfaces) StdoutLine: {'line': b'-- Up-to-date: /home/krishnapranav/mj_manipulation/mujoco_manipulation/install/armos_interfaces/share/armos_interfaces/cmake/rosidl_cmake_export_typesupport_targets-extras.cmake\n'}
[14.469407] (armos_interfaces) StdoutLine: {'line': b'-- Up-to-date: /home/krishnapranav/mj_manipulation/mujoco_manipulation/install/armos_interfaces/share/armos_interfaces/cmake/ament_cmake_export_dependencies-extras.cmake\n'}
[14.469819] (armos_interfaces) StdoutLine: {'line': b'-- Up-to-date: /home/krishnapranav/mj_manipulation/mujoco_manipulation/install/armos_interfaces/share/armos_interfaces/cmake/rosidl_cmake_export_typesupport_libraries-extras.cmake\n'}
[14.470257] (armos_interfaces) StdoutLine: {'line': b'-- Up-to-date: /home/krishnapranav/mj_manipulation/mujoco_manipulation/install/armos_interfaces/share/armos_interfaces/cmake/armos_interfacesConfig.cmake\n'}
[14.470480] (armos_interfaces) StdoutLine: {'line': b'-- Up-to-date: /home/krishnapranav/mj_manipulation/mujoco_manipulation/install/armos_interfaces/share/armos_interfaces/cmake/armos_interfacesConfig-version.cmake\n'}
[14.470636] (armos_interfaces) StdoutLine: {'line': b'-- Up-to-date: /home/krishnapranav/mj_manipulation/mujoco_manipulation/install/armos_interfaces/share/armos_interfaces/package.xml\n'}
[14.476006] (armos_interfaces) CommandEnded: {'returncode': 0}
[14.548267] (-) TimerEvent: {}
[14.556994] (armos_interfaces) JobEnded: {'identifier': 'armos_interfaces', 'rc': 0}
[14.562378] (armos_control) JobStarted: {'identifier': 'armos_control'}
[14.593192] (armos_control) JobProgress: {'identifier': 'armos_control', 'progress': 'cmake'}
[14.593371] (armos_control) JobProgress: {'identifier': 'armos_control', 'progress': 'build'}
[14.593437] (armos_control) Command: {'cmd': ['/usr/bin/cmake', '--build', '/home/krishnapranav/mj_manipulation/mujoco_manipulation/build/armos_control', '--', '-j12', '-l12'], 'cwd': '/home/krishnapranav/mj_manipulation/mujoco_manipulation/build/armos_control', 'env': OrderedDict([('GJS_DEBUG_TOPICS', 'JS ERROR;JS LOG'), ('PYTHON_BASIC_REPL', '1'), ('LESSOPEN', '| /usr/bin/lesspipe %s'), ('GZ_SIM_RESOURCE_PATH', ':/home/krishnapranav/ur_ws/install/ur_description/share:/home/krishnapranav/cynlr_ws/install/robotiq_description/share/robotiq_description:/home/krishnapranav/ur_ws/install/ur_description/share:/home/krishnapranav/cynlr_ws/install/robotiq_description/share/robotiq_description'), ('AI_AGENT', 'github_copilot_vscode_agent'), ('LANGUAGE', 'en_IN:en'), ('USER', 'krishnapranav'), ('FONTCONFIG_PATH', '/etc/fonts'), ('GIT_EDITOR', ':'), ('GIO_MODULE_DIR', '/home/krishnapranav/snap/code/common/.cache/gio-modules'), ('XDG_SESSION_TYPE', 'wayland'), ('GIT_ASKPASS', '/snap/code/258/usr/share/code/resources/app/extensions/git/dist/askpass.sh'), ('PIP_CACHE_DIR', '/media/krishnapranav/OS/linux'), ('GTK_EXE_PREFIX_VSCODE_SNAP_ORIG', ''), ('GDK_BACKEND_VSCODE_SNAP_ORIG', ''), ('SHLVL', '2'), ('LD_LIBRARY_PATH', '/home/krishnapranav/mj_manipulation/mujoco_manipulation/install/armos_interfaces/lib:/home/krishnapranav/mj_manipulation/install/armos_interfaces/lib:/opt/ros/humble/opt/rviz_ogre_vendor/lib:/opt/ros/humble/lib/x86_64-linux-gnu:/opt/ros/humble/lib:/home/krishnapranav/microros_ws/install/micro_ros_agent/lib:/home/krishnapranav/microros_ws/install/micro_ros_msgs/lib'), ('COPILOT_AGENT', '1'), ('VREP_ROOT', '/home/krishnapranav/krishnapranav/Downloads/VREP'), ('HOME', '/home/krishnapranav'), ('CHROME_DESKTOP', 'code.desktop'), ('LOCPATH_VSCODE_SNAP_ORIG', ''), ('OLDPWD', '/home/krishnapranav/mj_manipulation'), ('TERM_PROGRAM_VERSION', '1.134.0'), ('DESKTOP_SESSION', 'ubuntu'), ('GTK_PATH', '/snap/code/258/usr/lib/x86_64-linux-gnu/gtk-3.0'), ('XDG_DATA_HOME_VSCODE_SNAP_ORIG', ''), ('GTK_IM_MODULE_FILE', '/home/krishnapranav/snap/code/common/.cache/immodules/immodules.cache'), ('GIO_LAUNCHED_DESKTOP_FILE', '/usr/share/applications/terminator.desktop'), ('ROS_PYTHON_VERSION', '3'), ('GNOME_SHELL_SESSION_MODE', 'ubuntu'), ('GTK_MODULES', 'gail:atk-bridge'), ('GSETTINGS_SCHEMA_DIR_VSCODE_SNAP_ORIG', ''), ('VSCODE_GIT_ASKPASS_MAIN', '/snap/code/258/usr/share/code/resources/app/extensions/git/dist/askpass-main.js'), ('PS1', '\\[\x1b]633;A\x07\\](armos) \\[\\e]0;\\u@\\h: \\w\\a\\]${debian_chroot:+($debian_chroot)}\\[\\033[01;32m\\]\\u@\\h\\[\\033[00m\\]:\\[\\033[01;34m\\]\\w\\[\\033[00m\\]\\$ \\[\x1b]633;B\x07\\]'), ('VSCODE_GIT_ASKPASS_NODE', '/snap/code/258/usr/share/code/code'), ('MANAGERPID', '1658'), ('PYDEVD_DISABLE_FILE_VALIDATION', '1'), ('SYSTEMD_EXEC_PID', '1828'), ('BUNDLED_DEBUGPY_PATH', '/home/krishnapranav/.vscode/extensions/ms-python.debugpy-2026.6.0-linux-x64/bundled/libs/debugpy'), ('VSCODE_PYTHON_AUTOACTIVATE_GUARD', '1'), ('DBUS_SESSION_BUS_ADDRESS', 'unix:path=/run/user/1000/bus'), ('COLORTERM', 'truecolor'), ('TERMINATOR_DBUS_NAME', 'net.tenshu.Terminator25ef4b219e3b005583550f2b0f9f990c3'), ('GIO_LAUNCHED_DESKTOP_FILE_PID', '54086'), ('_colcon_cd_root', '/home/krishnapranav/ros2_ws'), ('PICO_TOOLCHAIN_PATH', '...'), ('IM_CONFIG_PHASE', '1'), ('WAYLAND_DISPLAY', 'wayland-0'), ('COLCON_PREFIX_PATH', '/home/krishnapranav/microros_ws/install:/home/krishnapranav/mj_manipulation/install'), ('ROS_DISTRO', 'humble'), ('LOGNAME', 'krishnapranav'), ('ONSHAPE_SECRET_KEY', 'gguRK886Jm7693iJla7c1dbItcYEpgizDTTNF2EMEzI116LA'), ('JOURNAL_STREAM', '8:19715'), ('_', '/usr/bin/colcon'), ('ROS_VERSION', '2'), ('XDG_CONFIG_DIRS_VSCODE_SNAP_ORIG', '/etc/xdg/xdg-ubuntu:/etc/xdg'), ('XDG_SESSION_CLASS', 'user'), ('XDG_DATA_DIRS_VSCODE_SNAP_ORIG', '/usr/share/ubuntu:/usr/local/share/:/usr/share/:/var/lib/snapd/desktop'), ('USERNAME', 'krishnapranav'), ('TERM', 'xterm-256color'), ('GAZEBO_MODEL_PATH', ':/home/krishnapranav/kpbot_ws/install/kpbot_description/share/kpbot_description/models:/home/krishnapranav/kpbot_ws/install/kpbot_description/share/kpbot_description/models'), ('GNOME_DESKTOP_SESSION_ID', 'this-is-deprecated'), ('FC_FONTATIONS', '1'), ('ROS_LOCALHOST_ONLY', '0'), ('HISTCONTROL', 'ignorespace'), ('PATH', '/home/krishnapranav/.venvs/armos/bin:/home/krishnapranav/.config/Code/User/globalStorage/github.copilot-chat/debugCommand:/home/krishnapranav/.config/Code/User/globalStorage/github.copilot-chat/copilotCli:/home/krishnapranav/.venvs/armos/bin:/opt/ros/humble/bin:/home/krishnapranav/.cargo/bin:/home/krishnapranav/.local/bin:/usr/local/sbin:/usr/local/bin:/usr/sbin:/usr/bin:/sbin:/bin:/usr/games:/usr/local/games:/snap/bin:/snap/bin:/home/krishnapranav/.platformio/penv/bin:/home/krishnapranav/.vscode/extensions/ms-python.debugpy-2026.6.0-linux-x64/bundled/scripts/noConfigScripts:/home/krishnapranav/.platformio/penv/bin'), ('SESSION_MANAGER', 'local/krishnapranav-Inspiron-14-5430:@/tmp/.ICE-unix/1796,unix/krishnapranav-Inspiron-14-5430:/tmp/.ICE-unix/1796'), ('GTK_EXE_PREFIX', '/snap/code/258/usr'), ('INVOCATION_ID', '2e31da0006024640992ab6ab791683f7'), ('XDG_MENU_PREFIX', 'gnome-'), ('GNOME_SETUP_DISPLAY', ':1'), ('XDG_RUNTIME_DIR', '/run/user/1000'), ('GDK_BACKEND', 'x11'), ('DISPLAY', ':0'), ('LOCPATH', '/snap/code/258/usr/lib/locale'), ('VSCODE_DEBUGPY_ADAPTER_ENDPOINTS', '/home/krishnapranav/.vscode/extensions/ms-python.debugpy-2026.6.0-linux-x64/.noConfigDebugAdapterEndpoints/endpoint-8b635a662eb851b9.txt'), ('TERMINATOR_DBUS_PATH', '/net/tenshu/Terminator2'), ('LANG', 'en_US.UTF-8'), ('XDG_CURRENT_DESKTOP', 'ubuntu:GNOME'), ('PYTHONSTARTUP', '/home/krishnapranav/.config/Code/User/workspaceStorage/0765c8b469f4b5804df2f14b56cb7098/ms-python.python/pythonrc.py'), ('IBUS_DISABLE_SNOOPER', '1'), ('VIRTUAL_ENV_PROMPT', '(armos)'), ('GIO_MODULE_DIR_VSCODE_SNAP_ORIG', ''), ('XDG_DATA_HOME', '/home/krishnapranav/snap/code/258/.local/share'), ('XMODIFIERS', '@im=ibus'), ('XDG_SESSION_DESKTOP', 'ubuntu'), ('XAUTHORITY', '/run/user/1000/.mutter-Xwaylandauth.ET2IU3'), ('LS_COLORS', 'rs=0:di=01;34:ln=01;36:mh=00:pi=40;33:so=01;35:do=01;35:bd=40;33;01:cd=40;33;01:or=40;31;01:mi=00:su=37;41:sg=30;43:ca=30;41:tw=30;42:ow=34;42:st=37;44:ex=01;32:*.tar=01;31:*.tgz=01;31:*.arc=01;31:*.arj=01;31:*.taz=01;31:*.lha=01;31:*.lz4=01;31:*.lzh=01;31:*.lzma=01;31:*.tlz=01;31:*.txz=01;31:*.tzo=01;31:*.t7z=01;31:*.zip=01;31:*.z=01;31:*.dz=01;31:*.gz=01;31:*.lrz=01;31:*.lz=01;31:*.lzo=01;31:*.xz=01;31:*.zst=01;31:*.tzst=01;31:*.bz2=01;31:*.bz=01;31:*.tbz=01;31:*.tbz2=01;31:*.tz=01;31:*.deb=01;31:*.rpm=01;31:*.jar=01;31:*.war=01;31:*.ear=01;31:*.sar=01;31:*.rar=01;31:*.alz=01;31:*.ace=01;31:*.zoo=01;31:*.cpio=01;31:*.7z=01;31:*.rz=01;31:*.cab=01;31:*.wim=01;31:*.swm=01;31:*.dwm=01;31:*.esd=01;31:*.jpg=01;35:*.jpeg=01;35:*.mjpg=01;35:*.mjpeg=01;35:*.gif=01;35:*.bmp=01;35:*.pbm=01;35:*.pgm=01;35:*.ppm=01;35:*.tga=01;35:*.xbm=01;35:*.xpm=01;35:*.tif=01;35:*.tiff=01;35:*.png=01;35:*.svg=01;35:*.svgz=01;35:*.mng=01;35:*.pcx=01;35:*.mov=01;35:*.mpg=01;35:*.mpeg=01;35:*.m2v=01;35:*.mkv=01;35:*.webm=01;35:*.webp=01;35:*.ogm=01;35:*.mp4=01;35:*.m4v=01;35:*.mp4v=01;35:*.vob=01;35:*.qt=01;35:*.nuv=01;35:*.wmv=01;35:*.asf=01;35:*.rm=01;35:*.rmvb=01;35:*.flc=01;35:*.avi=01;35:*.fli=01;35:*.flv=01;35:*.gl=01;35:*.dl=01;35:*.xcf=01;35:*.xwd=01;35:*.yuv=01;35:*.cgm=01;35:*.emf=01;35:*.ogv=01;35:*.ogx=01;35:*.aac=00;36:*.au=00;36:*.flac=00;36:*.m4a=00;36:*.mid=00;36:*.midi=00;36:*.mka=00;36:*.mp3=00;36:*.mpc=00;36:*.ogg=00;36:*.ra=00;36:*.wav=00;36:*.oga=00;36:*.opus=00;36:*.spx=00;36:*.xspf=00;36:'), ('VSCODE_GIT_IPC_HANDLE', '/run/user/1000/vscode-git-54e92d9002.sock'), ('TERM_PROGRAM', 'vscode'), ('SSH_AGENT_LAUNCHER', 'gnome-keyring'), ('SSH_AUTH_SOCK', '/run/user/1000/keyring/ssh'), ('GSETTINGS_SCHEMA_DIR', '/home/krishnapranav/snap/code/258/.local/share/glib-2.0/schemas'), ('AMENT_PREFIX_PATH', '/home/krishnapranav/mj_manipulation/mujoco_manipulation/install/armos_interfaces:/home/krishnapranav/mj_manipulation/install/armos_interfaces:/home/krishnapranav/mj_manipulation/install/armos_control:/opt/ros/humble:/home/krishnapranav/microros_ws/install/micro_ros_setup:/home/krishnapranav/microros_ws/install/micro_ros_agent:/home/krishnapranav/microros_ws/install/micro_ros_msgs'), ('DEBIAN_FRONTEND', 'noninteractive'), ('SHELL', '/bin/bash'), ('TERMINATOR_UUID', 'urn:uuid:d922834f-a529-49d0-a45e-d21084021fe9'), ('QT_ACCESSIBILITY', '1'), ('GDMSESSION', 'ubuntu'), ('LESSCLOSE', '/usr/bin/lesspipe %s %s'), ('GTK_PATH_VSCODE_SNAP_ORIG', ''), ('FONTCONFIG_FILE', '/etc/fonts/fonts.conf'), ('GTK_IM_MODULE_FILE_VSCODE_SNAP_ORIG', ''), ('GJS_DEBUG_OUTPUT', 'stderr'), ('VIRTUAL_ENV', '/home/krishnapranav/.venvs/armos'), ('VSCODE_GIT_ASKPASS_EXTRA_ARGS', ''), ('GIT_PAGER', 'cat'), ('QT_IM_MODULE', 'ibus'), ('PWD', '/home/krishnapranav/mj_manipulation/mujoco_manipulation/build/armos_control'), ('GIT_MERGE_AUTOEDIT', 'no'), ('LC_ALL', 'en_US.UTF-8'), ('XDG_CONFIG_DIRS', '/etc/xdg/xdg-ubuntu:/etc/xdg'), ('ONSHAPE_ACCESS_KEY', 'on_J81I0YADaUIUwrnDKCQi1'), ('COPILOT_DEBUG_NONCE', '7be03b1f8ebdc82ae7df0f3e0ce45116'), ('PICO_SDK_PATH', '/home/krishnapranav/micro_ros_ws/src/pico-sdk'), ('XDG_DATA_DIRS', '/home/krishnapranav/snap/code/258/.local/share:/home/krishnapranav/snap/code/258:/snap/code/258/usr/share:/usr/share/ubuntu:/usr/local/share/:/usr/share/:/var/lib/snapd/desktop'), ('PYTHONPATH', '/home/krishnapranav/mj_manipulation/mujoco_manipulation/install/armos_interfaces/lib/python3.10/site-packages:/home/krishnapranav/mj_manipulation/install/armos_interfaces/local/lib/python3.10/dist-packages:/opt/ros/humble/lib/python3.10/site-packages:/opt/ros/humble/local/lib/python3.10/dist-packages:/home/krishnapranav/microros_ws/install/micro_ros_msgs/lib/python3.10/site-packages'), ('ONSHAPE_API', 'https://cad.onshape.com'), ('COLCON', '1'), ('VTE_VERSION', '6800'), ('CMAKE_PREFIX_PATH', '/home/krishnapranav/mj_manipulation/mujoco_manipulation/install/armos_interfaces:/home/krishnapranav/mj_manipulation/install/armos_interfaces:/home/krishnapranav/mj_manipulation/install/armos_control:/home/krishnapranav/microros_ws/install/micro_ros_setup:/home/krishnapranav/microros_ws/install/micro_ros_agent:/home/krishnapranav/microros_ws/install/micro_ros_msgs:/opt/ros/humble'), ('GOOGLE_API_KEY', 'AIzaSyCgCj2XslZGJhBl_LuqTDoh6JdSHjKyM2E')]), 'shell': False}
[14.643356] (armos_control) StdoutLine: {'line': b'-- Found ament_cmake: 1.3.11 (/opt/ros/humble/share/ament_cmake/cmake)\n'}
[14.655691] (-) TimerEvent: {}
[14.756627] (-) TimerEvent: {}
[14.857105] (-) TimerEvent: {}
[14.957600] (-) TimerEvent: {}
[15.058153] (-) TimerEvent: {}
[15.158685] (-) TimerEvent: {}
[15.260340] (-) TimerEvent: {}
[15.361003] (-) TimerEvent: {}
[15.459213] (armos_control) StdoutLine: {'line': b'-- Configuring done\n'}
[15.461126] (-) TimerEvent: {}
[15.476227] (armos_control) StdoutLine: {'line': b'-- Generating done\n'}
[15.485359] (armos_control) StdoutLine: {'line': b'-- Build files have been written to: /home/krishnapranav/mj_manipulation/mujoco_manipulation/build/armos_control\n'}
[15.524150] (armos_control) CommandEnded: {'returncode': 0}
[15.532155] (armos_control) JobProgress: {'identifier': 'armos_control', 'progress': 'install'}
[15.532472] (armos_control) Command: {'cmd': ['/usr/bin/cmake', '--install', '/home/krishnapranav/mj_manipulation/mujoco_manipulation/build/armos_control'], 'cwd': '/home/krishnapranav/mj_manipulation/mujoco_manipulation/build/armos_control', 'env': OrderedDict([('GJS_DEBUG_TOPICS', 'JS ERROR;JS LOG'), ('PYTHON_BASIC_REPL', '1'), ('LESSOPEN', '| /usr/bin/lesspipe %s'), ('GZ_SIM_RESOURCE_PATH', ':/home/krishnapranav/ur_ws/install/ur_description/share:/home/krishnapranav/cynlr_ws/install/robotiq_description/share/robotiq_description:/home/krishnapranav/ur_ws/install/ur_description/share:/home/krishnapranav/cynlr_ws/install/robotiq_description/share/robotiq_description'), ('AI_AGENT', 'github_copilot_vscode_agent'), ('LANGUAGE', 'en_IN:en'), ('USER', 'krishnapranav'), ('FONTCONFIG_PATH', '/etc/fonts'), ('GIT_EDITOR', ':'), ('GIO_MODULE_DIR', '/home/krishnapranav/snap/code/common/.cache/gio-modules'), ('XDG_SESSION_TYPE', 'wayland'), ('GIT_ASKPASS', '/snap/code/258/usr/share/code/resources/app/extensions/git/dist/askpass.sh'), ('PIP_CACHE_DIR', '/media/krishnapranav/OS/linux'), ('GTK_EXE_PREFIX_VSCODE_SNAP_ORIG', ''), ('GDK_BACKEND_VSCODE_SNAP_ORIG', ''), ('SHLVL', '2'), ('LD_LIBRARY_PATH', '/home/krishnapranav/mj_manipulation/mujoco_manipulation/install/armos_interfaces/lib:/home/krishnapranav/mj_manipulation/install/armos_interfaces/lib:/opt/ros/humble/opt/rviz_ogre_vendor/lib:/opt/ros/humble/lib/x86_64-linux-gnu:/opt/ros/humble/lib:/home/krishnapranav/microros_ws/install/micro_ros_agent/lib:/home/krishnapranav/microros_ws/install/micro_ros_msgs/lib'), ('COPILOT_AGENT', '1'), ('VREP_ROOT', '/home/krishnapranav/krishnapranav/Downloads/VREP'), ('HOME', '/home/krishnapranav'), ('CHROME_DESKTOP', 'code.desktop'), ('LOCPATH_VSCODE_SNAP_ORIG', ''), ('OLDPWD', '/home/krishnapranav/mj_manipulation'), ('TERM_PROGRAM_VERSION', '1.134.0'), ('DESKTOP_SESSION', 'ubuntu'), ('GTK_PATH', '/snap/code/258/usr/lib/x86_64-linux-gnu/gtk-3.0'), ('XDG_DATA_HOME_VSCODE_SNAP_ORIG', ''), ('GTK_IM_MODULE_FILE', '/home/krishnapranav/snap/code/common/.cache/immodules/immodules.cache'), ('GIO_LAUNCHED_DESKTOP_FILE', '/usr/share/applications/terminator.desktop'), ('ROS_PYTHON_VERSION', '3'), ('GNOME_SHELL_SESSION_MODE', 'ubuntu'), ('GTK_MODULES', 'gail:atk-bridge'), ('GSETTINGS_SCHEMA_DIR_VSCODE_SNAP_ORIG', ''), ('VSCODE_GIT_ASKPASS_MAIN', '/snap/code/258/usr/share/code/resources/app/extensions/git/dist/askpass-main.js'), ('PS1', '\\[\x1b]633;A\x07\\](armos) \\[\\e]0;\\u@\\h: \\w\\a\\]${debian_chroot:+($debian_chroot)}\\[\\033[01;32m\\]\\u@\\h\\[\\033[00m\\]:\\[\\033[01;34m\\]\\w\\[\\033[00m\\]\\$ \\[\x1b]633;B\x07\\]'), ('VSCODE_GIT_ASKPASS_NODE', '/snap/code/258/usr/share/code/code'), ('MANAGERPID', '1658'), ('PYDEVD_DISABLE_FILE_VALIDATION', '1'), ('SYSTEMD_EXEC_PID', '1828'), ('BUNDLED_DEBUGPY_PATH', '/home/krishnapranav/.vscode/extensions/ms-python.debugpy-2026.6.0-linux-x64/bundled/libs/debugpy'), ('VSCODE_PYTHON_AUTOACTIVATE_GUARD', '1'), ('DBUS_SESSION_BUS_ADDRESS', 'unix:path=/run/user/1000/bus'), ('COLORTERM', 'truecolor'), ('TERMINATOR_DBUS_NAME', 'net.tenshu.Terminator25ef4b219e3b005583550f2b0f9f990c3'), ('GIO_LAUNCHED_DESKTOP_FILE_PID', '54086'), ('_colcon_cd_root', '/home/krishnapranav/ros2_ws'), ('PICO_TOOLCHAIN_PATH', '...'), ('IM_CONFIG_PHASE', '1'), ('WAYLAND_DISPLAY', 'wayland-0'), ('COLCON_PREFIX_PATH', '/home/krishnapranav/microros_ws/install:/home/krishnapranav/mj_manipulation/install'), ('ROS_DISTRO', 'humble'), ('LOGNAME', 'krishnapranav'), ('ONSHAPE_SECRET_KEY', 'gguRK886Jm7693iJla7c1dbItcYEpgizDTTNF2EMEzI116LA'), ('JOURNAL_STREAM', '8:19715'), ('_', '/usr/bin/colcon'), ('ROS_VERSION', '2'), ('XDG_CONFIG_DIRS_VSCODE_SNAP_ORIG', '/etc/xdg/xdg-ubuntu:/etc/xdg'), ('XDG_SESSION_CLASS', 'user'), ('XDG_DATA_DIRS_VSCODE_SNAP_ORIG', '/usr/share/ubuntu:/usr/local/share/:/usr/share/:/var/lib/snapd/desktop'), ('USERNAME', 'krishnapranav'), ('TERM', 'xterm-256color'), ('GAZEBO_MODEL_PATH', ':/home/krishnapranav/kpbot_ws/install/kpbot_description/share/kpbot_description/models:/home/krishnapranav/kpbot_ws/install/kpbot_description/share/kpbot_description/models'), ('GNOME_DESKTOP_SESSION_ID', 'this-is-deprecated'), ('FC_FONTATIONS', '1'), ('ROS_LOCALHOST_ONLY', '0'), ('HISTCONTROL', 'ignorespace'), ('PATH', '/home/krishnapranav/.venvs/armos/bin:/home/krishnapranav/.config/Code/User/globalStorage/github.copilot-chat/debugCommand:/home/krishnapranav/.config/Code/User/globalStorage/github.copilot-chat/copilotCli:/home/krishnapranav/.venvs/armos/bin:/opt/ros/humble/bin:/home/krishnapranav/.cargo/bin:/home/krishnapranav/.local/bin:/usr/local/sbin:/usr/local/bin:/usr/sbin:/usr/bin:/sbin:/bin:/usr/games:/usr/local/games:/snap/bin:/snap/bin:/home/krishnapranav/.platformio/penv/bin:/home/krishnapranav/.vscode/extensions/ms-python.debugpy-2026.6.0-linux-x64/bundled/scripts/noConfigScripts:/home/krishnapranav/.platformio/penv/bin'), ('SESSION_MANAGER', 'local/krishnapranav-Inspiron-14-5430:@/tmp/.ICE-unix/1796,unix/krishnapranav-Inspiron-14-5430:/tmp/.ICE-unix/1796'), ('GTK_EXE_PREFIX', '/snap/code/258/usr'), ('INVOCATION_ID', '2e31da0006024640992ab6ab791683f7'), ('XDG_MENU_PREFIX', 'gnome-'), ('GNOME_SETUP_DISPLAY', ':1'), ('XDG_RUNTIME_DIR', '/run/user/1000'), ('GDK_BACKEND', 'x11'), ('DISPLAY', ':0'), ('LOCPATH', '/snap/code/258/usr/lib/locale'), ('VSCODE_DEBUGPY_ADAPTER_ENDPOINTS', '/home/krishnapranav/.vscode/extensions/ms-python.debugpy-2026.6.0-linux-x64/.noConfigDebugAdapterEndpoints/endpoint-8b635a662eb851b9.txt'), ('TERMINATOR_DBUS_PATH', '/net/tenshu/Terminator2'), ('LANG', 'en_US.UTF-8'), ('XDG_CURRENT_DESKTOP', 'ubuntu:GNOME'), ('PYTHONSTARTUP', '/home/krishnapranav/.config/Code/User/workspaceStorage/0765c8b469f4b5804df2f14b56cb7098/ms-python.python/pythonrc.py'), ('IBUS_DISABLE_SNOOPER', '1'), ('VIRTUAL_ENV_PROMPT', '(armos)'), ('GIO_MODULE_DIR_VSCODE_SNAP_ORIG', ''), ('XDG_DATA_HOME', '/home/krishnapranav/snap/code/258/.local/share'), ('XMODIFIERS', '@im=ibus'), ('XDG_SESSION_DESKTOP', 'ubuntu'), ('XAUTHORITY', '/run/user/1000/.mutter-Xwaylandauth.ET2IU3'), ('LS_COLORS', 'rs=0:di=01;34:ln=01;36:mh=00:pi=40;33:so=01;35:do=01;35:bd=40;33;01:cd=40;33;01:or=40;31;01:mi=00:su=37;41:sg=30;43:ca=30;41:tw=30;42:ow=34;42:st=37;44:ex=01;32:*.tar=01;31:*.tgz=01;31:*.arc=01;31:*.arj=01;31:*.taz=01;31:*.lha=01;31:*.lz4=01;31:*.lzh=01;31:*.lzma=01;31:*.tlz=01;31:*.txz=01;31:*.tzo=01;31:*.t7z=01;31:*.zip=01;31:*.z=01;31:*.dz=01;31:*.gz=01;31:*.lrz=01;31:*.lz=01;31:*.lzo=01;31:*.xz=01;31:*.zst=01;31:*.tzst=01;31:*.bz2=01;31:*.bz=01;31:*.tbz=01;31:*.tbz2=01;31:*.tz=01;31:*.deb=01;31:*.rpm=01;31:*.jar=01;31:*.war=01;31:*.ear=01;31:*.sar=01;31:*.rar=01;31:*.alz=01;31:*.ace=01;31:*.zoo=01;31:*.cpio=01;31:*.7z=01;31:*.rz=01;31:*.cab=01;31:*.wim=01;31:*.swm=01;31:*.dwm=01;31:*.esd=01;31:*.jpg=01;35:*.jpeg=01;35:*.mjpg=01;35:*.mjpeg=01;35:*.gif=01;35:*.bmp=01;35:*.pbm=01;35:*.pgm=01;35:*.ppm=01;35:*.tga=01;35:*.xbm=01;35:*.xpm=01;35:*.tif=01;35:*.tiff=01;35:*.png=01;35:*.svg=01;35:*.svgz=01;35:*.mng=01;35:*.pcx=01;35:*.mov=01;35:*.mpg=01;35:*.mpeg=01;35:*.m2v=01;35:*.mkv=01;35:*.webm=01;35:*.webp=01;35:*.ogm=01;35:*.mp4=01;35:*.m4v=01;35:*.mp4v=01;35:*.vob=01;35:*.qt=01;35:*.nuv=01;35:*.wmv=01;35:*.asf=01;35:*.rm=01;35:*.rmvb=01;35:*.flc=01;35:*.avi=01;35:*.fli=01;35:*.flv=01;35:*.gl=01;35:*.dl=01;35:*.xcf=01;35:*.xwd=01;35:*.yuv=01;35:*.cgm=01;35:*.emf=01;35:*.ogv=01;35:*.ogx=01;35:*.aac=00;36:*.au=00;36:*.flac=00;36:*.m4a=00;36:*.mid=00;36:*.midi=00;36:*.mka=00;36:*.mp3=00;36:*.mpc=00;36:*.ogg=00;36:*.ra=00;36:*.wav=00;36:*.oga=00;36:*.opus=00;36:*.spx=00;36:*.xspf=00;36:'), ('VSCODE_GIT_IPC_HANDLE', '/run/user/1000/vscode-git-54e92d9002.sock'), ('TERM_PROGRAM', 'vscode'), ('SSH_AGENT_LAUNCHER', 'gnome-keyring'), ('SSH_AUTH_SOCK', '/run/user/1000/keyring/ssh'), ('GSETTINGS_SCHEMA_DIR', '/home/krishnapranav/snap/code/258/.local/share/glib-2.0/schemas'), ('AMENT_PREFIX_PATH', '/home/krishnapranav/mj_manipulation/mujoco_manipulation/install/armos_interfaces:/home/krishnapranav/mj_manipulation/install/armos_interfaces:/home/krishnapranav/mj_manipulation/install/armos_control:/opt/ros/humble:/home/krishnapranav/microros_ws/install/micro_ros_setup:/home/krishnapranav/microros_ws/install/micro_ros_agent:/home/krishnapranav/microros_ws/install/micro_ros_msgs'), ('DEBIAN_FRONTEND', 'noninteractive'), ('SHELL', '/bin/bash'), ('TERMINATOR_UUID', 'urn:uuid:d922834f-a529-49d0-a45e-d21084021fe9'), ('QT_ACCESSIBILITY', '1'), ('GDMSESSION', 'ubuntu'), ('LESSCLOSE', '/usr/bin/lesspipe %s %s'), ('GTK_PATH_VSCODE_SNAP_ORIG', ''), ('FONTCONFIG_FILE', '/etc/fonts/fonts.conf'), ('GTK_IM_MODULE_FILE_VSCODE_SNAP_ORIG', ''), ('GJS_DEBUG_OUTPUT', 'stderr'), ('VIRTUAL_ENV', '/home/krishnapranav/.venvs/armos'), ('VSCODE_GIT_ASKPASS_EXTRA_ARGS', ''), ('GIT_PAGER', 'cat'), ('QT_IM_MODULE', 'ibus'), ('PWD', '/home/krishnapranav/mj_manipulation/mujoco_manipulation/build/armos_control'), ('GIT_MERGE_AUTOEDIT', 'no'), ('LC_ALL', 'en_US.UTF-8'), ('XDG_CONFIG_DIRS', '/etc/xdg/xdg-ubuntu:/etc/xdg'), ('ONSHAPE_ACCESS_KEY', 'on_J81I0YADaUIUwrnDKCQi1'), ('COPILOT_DEBUG_NONCE', '7be03b1f8ebdc82ae7df0f3e0ce45116'), ('PICO_SDK_PATH', '/home/krishnapranav/micro_ros_ws/src/pico-sdk'), ('XDG_DATA_DIRS', '/home/krishnapranav/snap/code/258/.local/share:/home/krishnapranav/snap/code/258:/snap/code/258/usr/share:/usr/share/ubuntu:/usr/local/share/:/usr/share/:/var/lib/snapd/desktop'), ('PYTHONPATH', '/home/krishnapranav/mj_manipulation/mujoco_manipulation/install/armos_interfaces/lib/python3.10/site-packages:/home/krishnapranav/mj_manipulation/install/armos_interfaces/local/lib/python3.10/dist-packages:/opt/ros/humble/lib/python3.10/site-packages:/opt/ros/humble/local/lib/python3.10/dist-packages:/home/krishnapranav/microros_ws/install/micro_ros_msgs/lib/python3.10/site-packages'), ('ONSHAPE_API', 'https://cad.onshape.com'), ('COLCON', '1'), ('VTE_VERSION', '6800'), ('CMAKE_PREFIX_PATH', '/home/krishnapranav/mj_manipulation/mujoco_manipulation/install/armos_interfaces:/home/krishnapranav/mj_manipulation/install/armos_interfaces:/home/krishnapranav/mj_manipulation/install/armos_control:/home/krishnapranav/microros_ws/install/micro_ros_setup:/home/krishnapranav/microros_ws/install/micro_ros_agent:/home/krishnapranav/microros_ws/install/micro_ros_msgs:/opt/ros/humble'), ('GOOGLE_API_KEY', 'AIzaSyCgCj2XslZGJhBl_LuqTDoh6JdSHjKyM2E')]), 'shell': False}
[15.543538] (armos_control) StdoutLine: {'line': b'-- Install configuration: ""\n'}
[15.544142] (armos_control) StdoutLine: {'line': b'-- Installing: /home/krishnapranav/mj_manipulation/mujoco_manipulation/install/armos_control/lib/armos_control/armos_ros_sim.py\n'}
[15.545855] (armos_control) StdoutLine: {'line': b'-- Up-to-date: /home/krishnapranav/mj_manipulation/mujoco_manipulation/install/armos_control/share/armos_control/config\n'}
[15.546357] (armos_control) StdoutLine: {'line': b'-- Up-to-date: /home/krishnapranav/mj_manipulation/mujoco_manipulation/install/armos_control/share/armos_control/config/franka.yaml\n'}
[15.549852] (armos_control) StdoutLine: {'line': b'-- Up-to-date: /home/krishnapranav/mj_manipulation/mujoco_manipulation/install/armos_control/share/armos_control/config/duman.yaml\n'}
[15.550365] (armos_control) StdoutLine: {'line': b'-- Up-to-date: /home/krishnapranav/mj_manipulation/mujoco_manipulation/install/armos_control/share/armos_control/config/dual_franka.yaml\n'}
[15.550653] (armos_control) StdoutLine: {'line': b'-- Installing: /home/krishnapranav/mj_manipulation/mujoco_manipulation/install/armos_control/share/ament_index/resource_index/package_run_dependencies/armos_control\n'}
[15.552257] (armos_control) StdoutLine: {'line': b'-- Installing: /home/krishnapranav/mj_manipulation/mujoco_manipulation/install/armos_control/share/ament_index/resource_index/parent_prefix_path/armos_control\n'}
[15.552453] (armos_control) StdoutLine: {'line': b'-- Up-to-date: /home/krishnapranav/mj_manipulation/mujoco_manipulation/install/armos_control/share/armos_control/environment/ament_prefix_path.sh\n'}
[15.552612] (armos_control) StdoutLine: {'line': b'-- Installing: /home/krishnapranav/mj_manipulation/mujoco_manipulation/install/armos_control/share/armos_control/environment/ament_prefix_path.dsv\n'}
[15.552857] (armos_control) StdoutLine: {'line': b'-- Up-to-date: /home/krishnapranav/mj_manipulation/mujoco_manipulation/install/armos_control/share/armos_control/environment/path.sh\n'}
[15.554270] (armos_control) StdoutLine: {'line': b'-- Installing: /home/krishnapranav/mj_manipulation/mujoco_manipulation/install/armos_control/share/armos_control/environment/path.dsv\n'}
[15.557259] (armos_control) StdoutLine: {'line': b'-- Up-to-date: /home/krishnapranav/mj_manipulation/mujoco_manipulation/install/armos_control/share/armos_control/local_setup.bash\n'}
[15.557623] (armos_control) StdoutLine: {'line': b'-- Up-to-date: /home/krishnapranav/mj_manipulation/mujoco_manipulation/install/armos_control/share/armos_control/local_setup.sh\n'}
[15.557936] (armos_control) StdoutLine: {'line': b'-- Up-to-date: /home/krishnapranav/mj_manipulation/mujoco_manipulation/install/armos_control/share/armos_control/local_setup.zsh\n'}
[15.558202] (armos_control) StdoutLine: {'line': b'-- Installing: /home/krishnapranav/mj_manipulation/mujoco_manipulation/install/armos_control/share/armos_control/local_setup.dsv\n'}
[15.558447] (armos_control) StdoutLine: {'line': b'-- Installing: /home/krishnapranav/mj_manipulation/mujoco_manipulation/install/armos_control/share/armos_control/package.dsv\n'}
[15.558696] (armos_control) StdoutLine: {'line': b'-- Up-to-date: /home/krishnapranav/mj_manipulation/mujoco_manipulation/install/armos_control/share/ament_index/resource_index/packages/armos_control\n'}
[15.558952] (armos_control) StdoutLine: {'line': b'-- Up-to-date: /home/krishnapranav/mj_manipulation/mujoco_manipulation/install/armos_control/share/armos_control/cmake/armos_controlConfig.cmake\n'}
[15.559187] (armos_control) StdoutLine: {'line': b'-- Up-to-date: /home/krishnapranav/mj_manipulation/mujoco_manipulation/install/armos_control/share/armos_control/cmake/armos_controlConfig-version.cmake\n'}
[15.559412] (armos_control) StdoutLine: {'line': b'-- Installing: /home/krishnapranav/mj_manipulation/mujoco_manipulation/install/armos_control/share/armos_control/package.xml\n'}
[15.567226] (-) TimerEvent: {}
[15.567779] (armos_control) CommandEnded: {'returncode': 0}
[15.625690] (armos_control) JobEnded: {'identifier': 'armos_control', 'rc': 0}
[15.627617] (-) EventReactorShutdown: {}
